reqID,Symbol,Date,Open,High,Low,Close,Volume
1,AMAM,2023-02-16 18:05:00,2.53,2.54,2.5134,2.54,88000
1,AMAM,2023-02-16 18:10:00,2.54,2.58,2.5399,2.5785,170400
1,AMAM,2023-02-16 18:15:00,2.575,2.62,2.57,2.6,136400
1,AMAM,2023-02-16 18:20:00,2.6001,2.64,2.6,2.62,157600
1,AMAM,2023-02-16 18:25:00,2.62,2.65,2.6,2.62,87600
1,AMAM,2023-02-16 18:30:00,2.61,2.65,2.61,2.62,77800
1,AMAM,2023-02-16 18:35:00,2.6214,2.6499,2.57,2.57,115100
1,AMAM,2023-02-16 18:40:00,2.5899,2.64,2.57,2.6292,117200
1,AMAM,2023-02-16 18:45:00,2.6295,2.7,2.62,2.66,143400
1,AMAM,2023-02-16 18:50:00,2.65,2.67,2.6,2.615,120300
1,AMAM,2023-02-16 18:55:00,2.61,2.6279,2.5806,2.595,71700
1,AMAM,2023-02-16 19:00:00,2.5907,2.67,2.59,2.6499,61000
1,AMAM,2023-02-16 19:05:00,2.6501,2.68,2.65,2.65,144900
1,AMAM,2023-02-16 19:10:00,2.66,2.68,2.65,2.669,58900
1,AMAM,2023-02-16 19:15:00,2.6665,2.73,2.66,2.705,326500
1,AMAM,2023-02-16 19:20:00,2.7,2.77,2.69,2.73,386200
1,AMAM,2023-02-16 19:25:00,2.723,2.75,2.68,2.725,262500
1,AMAM,2023-02-16 19:30:00,2.725,2.75,2.71,2.75,143800
1,AMAM,2023-02-16 19:35:00,2.7595,2.76,2.72,2.73,150100
1,AMAM,2023-02-16 19:40:00,2.73,2.74,2.7,2.73,139200
1,AMAM,2023-02-16 19:45:00,2.7301,2.86,2.73,2.8201,712400
1,AMAM,2023-02-16 19:50:00,2.8211,2.84,2.65,2.7126,751200
1,AMAM,2023-02-16 19:55:00,2.712,2.74,2.6,2.6601,398700
1,AMAM,2023-02-16 20:00:00,2.655,2.69,2.6201,2.69,186100
1,AMAM,2023-02-16 20:05:00,2.69,2.75,2.6801,2.73,246500
1,AMAM,2023-02-16 20:10:00,2.7301,2.79,2.7,2.7532,225100
1,AMAM,2023-02-16 20:15:00,2.7518,2.8,2.72,2.77,124300
1,AMAM,2023-02-16 20:20:00,2.775,2.78,2.71,2.7477,258000
1,AMAM,2023-02-16 20:25:00,2.74,2.79,2.73,2.775,81100
1,AMAM,2023-02-16 20:30:00,2.775,2.82,2.775,2.815,251700
1,AMAM,2023-02-16 20:35:00,2.82,2.82,2.68,2.76,263600
1,AMAM,2023-02-16 20:40:00,2.7599,2.83,2.75,2.8199,371800
1,AMAM,2023-02-16 20:45:00,2.82,2.84,2.77,2.7713,338800
1,AMAM,2023-02-16 20:50:00,2.78,2.86,2.7,2.74,718300
1,AMAM,2023-02-16 20:55:00,2.73,2.79,2.68,2.73,510000
1,AMAM,2023-02-16 21:00:00,2.78,2.78,2.69,2.72,36100
1,AMAM,2023-02-16 21:05:00,2.72,2.72,2.72,2.72,2100
2,CYH,2023-02-16 18:05:00,7.68,7.72,7.63,7.69,178300
2,CYH,2023-02-16 18:10:00,7.69,7.76,7.64,7.6702,186700
2,CYH,2023-02-16 18:15:00,7.6702,7.81,7.67,7.778,184400
2,CYH,2023-02-16 18:20:00,7.78,7.84,7.741,7.83,196400
2,CYH,2023-02-16 18:25:00,7.83,7.93,7.81,7.81,281400
2,CYH,2023-02-16 18:30:00,7.8244,7.89,7.74,7.89,249500
2,CYH,2023-02-16 18:35:00,7.8817,7.9,7.76,7.78,155000
2,CYH,2023-02-16 18:40:00,7.772,7.82,7.73,7.75,104500
2,CYH,2023-02-16 18:45:00,7.745,7.77,7.71,7.745,149600
2,CYH,2023-02-16 18:50:00,7.745,7.745,7.61,7.72,152600
2,CYH,2023-02-16 18:55:00,7.725,7.73,7.65,7.665,55200
2,CYH,2023-02-16 19:00:00,7.665,7.725,7.6543,7.725,69600
2,CYH,2023-02-16 19:05:00,7.73,7.77,7.715,7.765,66400
2,CYH,2023-02-16 19:10:00,7.761,7.84,7.74,7.81,107700
2,CYH,2023-02-16 19:15:00,7.8012,7.85,7.78,7.83,118400
2,CYH,2023-02-16 19:20:00,7.828,7.86,7.76,7.855,81400
2,CYH,2023-02-16 19:25:00,7.8521,7.8696,7.825,7.825,62700
2,CYH,2023-02-16 19:30:00,7.8291,7.88,7.8,7.86,101500
2,CYH,2023-02-16 19:35:00,7.86,7.9,7.8101,7.8597,158600
2,CYH,2023-02-16 19:40:00,7.855,7.8596,7.75,7.82,184700
2,CYH,2023-02-16 19:45:00,7.8011,7.84,7.79,7.83,53900
2,CYH,2023-02-16 19:50:00,7.835,8.0099,7.825,7.93,131900
2,CYH,2023-02-16 19:55:00,7.92,7.96,7.731,7.795,226700
2,CYH,2023-02-16 20:00:00,7.795,7.84,7.7701,7.7701,80400
2,CYH,2023-02-16 20:05:00,7.775,7.88,7.75,7.8585,73400
2,CYH,2023-02-16 20:10:00,7.85,7.9,7.84,7.89,100900
2,CYH,2023-02-16 20:15:00,7.895,7.9,7.81,7.8301,98900
2,CYH,2023-02-16 20:20:00,7.84,7.84,7.77,7.785,143600
2,CYH,2023-02-16 20:25:00,7.7808,7.81,7.7426,7.755,76700
2,CYH,2023-02-16 20:30:00,7.76,7.76,7.69,7.725,138600
2,CYH,2023-02-16 20:35:00,7.7223,7.75,7.71,7.735,108400
2,CYH,2023-02-16 20:40:00,7.735,7.82,7.725,7.755,284100
2,CYH,2023-02-16 20:45:00,7.76,7.84,7.75,7.84,161700
2,CYH,2023-02-16 20:50:00,7.835,7.835,7.791,7.8,131500
2,CYH,2023-02-16 20:55:00,7.81,7.84,7.74,7.74,558100
2,CYH,2023-02-16 21:00:00,7.74,7.74,7.73,7.74,278800
2,CYH,2023-02-16 21:05:00,7.74,7.74,7.74,7.74,1000
3,SERA,2023-02-16 18:05:00,2.69,2.7,2.66,2.6894,36800
3,SERA,2023-02-16 18:10:00,2.68,2.73,2.6755,2.7201,60000
3,SERA,2023-02-16 18:15:00,2.7208,2.8,2.72,2.8,130700
3,SERA,2023-02-16 18:20:00,2.7992,2.95,2.79,2.9209,304400
3,SERA,2023-02-16 18:25:00,2.92,2.96,2.76,2.78,621600
3,SERA,2023-02-16 18:30:00,2.78,2.87,2.73,2.81,162300
3,SERA,2023-02-16 18:35:00,2.83,2.86,2.79,2.82,131000
3,SERA,2023-02-16 18:40:00,2.83,2.91,2.8,2.835,139300
3,SERA,2023-02-16 18:45:00,2.83,2.84,2.79,2.8207,78500
3,SERA,2023-02-16 18:50:00,2.825,2.89,2.82,2.86,187700
3,SERA,2023-02-16 18:55:00,2.8509,2.94,2.85,2.9,171200
3,SERA,2023-02-16 19:00:00,2.87,2.9599,2.8001,2.84,250200
3,SERA,2023-02-16 19:05:00,2.8405,2.9238,2.84,2.89,116100
3,SERA,2023-02-16 19:10:00,2.8987,2.95,2.88,2.91,136900
3,SERA,2023-02-16 19:15:00,2.91,3.13,2.91,3.02,761300
3,SERA,2023-02-16 19:20:00,3.015,3.06,2.93,3.01,339900
3,SERA,2023-02-16 19:25:00,3.0,3.11,2.958,3.0471,339300
3,SERA,2023-02-16 19:30:00,3.04,3.13,3.0,3.0602,532500
3,SERA,2023-02-16 19:35:00,3.0501,3.25,3.05,3.21,855200
3,SERA,2023-02-16 19:40:00,3.2277,3.2299,3.05,3.07,693600
3,SERA,2023-02-16 19:45:00,3.08,3.22,2.92,2.9206,572000
3,SERA,2023-02-16 19:50:00,2.93,2.95,2.86,2.9199,317000
3,SERA,2023-02-16 19:55:00,2.9163,2.98,2.91,2.95,117500
3,SERA,2023-02-16 20:00:00,2.93,2.95,2.85,2.87,147100
3,SERA,2023-02-16 20:05:00,2.87,3.1,2.82,3.014,292400
3,SERA,2023-02-16 20:10:00,3.015,3.09,2.98,3.01,305600
3,SERA,2023-02-16 20:15:00,3.01,3.08,2.99,3.08,145800
3,SERA,2023-02-16 20:20:00,3.07,3.0779,2.99,2.99,202500
3,SERA,2023-02-16 20:25:00,2.9909,3.03,2.96,2.96,78100
3,SERA,2023-02-16 20:30:00,2.96,2.9694,2.85,2.8803,174400
3,SERA,2023-02-16 20:35:00,2.884,2.97,2.85,2.9217,53900
3,SERA,2023-02-16 20:40:00,2.91,2.92,2.87,2.8822,33300
3,SERA,2023-02-16 20:45:00,2.9,2.9,2.86,2.86,33200
3,SERA,2023-02-16 20:50:00,2.86,2.87,2.84,2.8603,76200
3,SERA,2023-02-16 20:55:00,2.87,2.99,2.86,2.9196,154000
3,SERA,2023-02-16 21:00:00,2.96,2.96,2.85,2.9,10100
3,SERA,2023-02-16 21:05:00,2.9,2.9,2.9,2.9,0
4,ADXN,2023-02-16 18:05:00,1.97,1.98,1.9501,1.98,12200
4,ADXN,2023-02-16 18:10:00,1.98,2.1,1.96,2.0,241700
4,ADXN,2023-02-16 18:15:00,2.0091,2.05,2.0009,2.045,42000
4,ADXN,2023-02-16 18:20:00,2.05,2.05,1.9603,2.04,32600
4,ADXN,2023-02-16 18:25:00,2.038,2.04,1.94,1.95,61200
4,ADXN,2023-02-16 18:30:00,1.98,2.0299,1.9172,1.9566,44800
4,ADXN,2023-02-16 18:35:00,1.9528,1.9841,1.94,1.945,12400
4,ADXN,2023-02-16 18:40:00,1.9583,1.99,1.9583,1.98,12300
4,ADXN,2023-02-16 18:45:00,1.965,1.97,1.93,1.94,11900
4,ADXN,2023-02-16 18:50:00,1.94,1.95,1.91,1.93,21300
4,ADXN,2023-02-16 18:55:00,1.92,1.98,1.92,1.9774,9300
4,ADXN,2023-02-16 19:00:00,1.97,1.98,1.93,1.93,4900
4,ADXN,2023-02-16 19:05:00,1.93,1.93,1.91,1.91,3600
4,ADXN,2023-02-16 19:10:00,1.93,1.9481,1.92,1.93,5400
4,ADXN,2023-02-16 19:15:00,1.93,1.9401,1.91,1.9398,4300
4,ADXN,2023-02-16 19:20:00,1.945,2.02,1.945,1.985,31700
4,ADXN,2023-02-16 19:25:00,1.9899,1.99,1.91,1.92,54900
4,ADXN,2023-02-16 19:30:00,1.945,1.945,1.86,1.89,56700
4,ADXN,2023-02-16 19:35:00,1.91,1.92,1.8901,1.9,2200
4,ADXN,2023-02-16 19:40:00,1.8901,1.8901,1.8701,1.8701,11200
4,ADXN,2023-02-16 19:45:00,1.8761,1.8973,1.8761,1.88,1100
4,ADXN,2023-02-16 19:50:00,1.8827,1.9,1.8827,1.9,2300
4,ADXN,2023-02-16 19:55:00,1.9,1.91,1.88,1.88,14300
4,ADXN,2023-02-16 20:00:00,1.88,1.8999,1.88,1.8934,6300
4,ADXN,2023-02-16 20:05:00,1.88,1.89,1.88,1.89,1800
4,ADXN,2023-02-16 20:10:00,1.9,1.9,1.9,1.9,8600
4,ADXN,2023-02-16 20:15:00,1.89,1.92,1.8834,1.9043,13700
4,ADXN,2023-02-16 20:20:00,1.905,1.92,1.9,1.9015,9000
4,ADXN,2023-02-16 20:25:00,1.91,1.93,1.9066,1.93,10500
4,ADXN,2023-02-16 20:30:00,1.91,1.96,1.91,1.9493,8500
4,ADXN,2023-02-16 20:35:00,1.9499,1.9499,1.94,1.9499,7200
4,ADXN,2023-02-16 20:40:00,1.945,1.99,1.94,1.97,44800
4,ADXN,2023-02-16 20:45:00,1.97,1.978,1.93,1.93,20300
4,ADXN,2023-02-16 20:50:00,1.92,1.93,1.87,1.885,48800
4,ADXN,2023-02-16 20:55:00,1.8887,1.96,1.8501,1.88,66800
4,ADXN,2023-02-16 21:00:00,1.88,1.88,1.88,1.88,700
4,ADXN,2023-02-16 21:05:00,1.88,1.88,1.88,1.88,0
5,TALS,2023-02-16 18:05:00,2.0103,2.02,2.0,2.0,6000
5,TALS,2023-02-16 18:10:00,1.99,2.013,1.95,1.99,73500
5,TALS,2023-02-16 18:15:00,1.99,2.004,1.95,1.951,286600
5,TALS,2023-02-16 18:20:00,1.95,1.95,1.9,1.925,61500
5,TALS,2023-02-16 18:25:00,1.92,1.97,1.89,1.91,110300
5,TALS,2023-02-16 18:30:00,1.9343,1.9499,1.91,1.9204,17800
5,TALS,2023-02-16 18:35:00,1.92,1.92,1.91,1.91,31000
5,TALS,2023-02-16 18:40:00,1.91,1.935,1.89,1.89,96700
5,TALS,2023-02-16 18:45:00,1.89,1.97,1.89,1.93,310400
5,TALS,2023-02-16 18:50:00,1.93,1.935,1.89,1.89,85700
5,TALS,2023-02-16 18:55:00,1.89,1.9,1.86,1.86,95200
5,TALS,2023-02-16 19:00:00,1.87,1.9,1.86,1.8601,134700
5,TALS,2023-02-16 19:05:00,1.86,1.87,1.86,1.87,29300
5,TALS,2023-02-16 19:10:00,1.87,1.87,1.8,1.81,203300
5,TALS,2023-02-16 19:15:00,1.8023,1.815,1.78,1.7951,160000
5,TALS,2023-02-16 19:20:00,1.79,1.81,1.785,1.8,34200
5,TALS,2023-02-16 19:25:00,1.8,1.85,1.8,1.84,148000
5,TALS,2023-02-16 19:30:00,1.8399,1.845,1.83,1.84,66500
5,TALS,2023-02-16 19:35:00,1.845,1.85,1.84,1.84,46700
5,TALS,2023-02-16 19:40:00,1.845,1.85,1.84,1.84,4000
5,TALS,2023-02-16 19:45:00,1.85,1.86,1.8491,1.8491,92700
5,TALS,2023-02-16 19:50:00,1.845,1.87,1.8401,1.8616,22600
5,TALS,2023-02-16 19:55:00,1.87,1.88,1.865,1.88,6200
5,TALS,2023-02-16 20:00:00,1.8799,1.8799,1.876,1.876,5600
5,TALS,2023-02-16 20:05:00,1.87,1.88,1.87,1.8701,8900
5,TALS,2023-02-16 20:10:00,1.87,1.87,1.87,1.87,2300
5,TALS,2023-02-16 20:15:00,1.875,1.895,1.875,1.89,25300
5,TALS,2023-02-16 20:20:00,1.89,1.901,1.89,1.8991,11300
5,TALS,2023-02-16 20:25:00,1.89,1.89,1.89,1.89,100600
5,TALS,2023-02-16 20:30:00,1.89,1.915,1.88,1.9,14300
5,TALS,2023-02-16 20:35:00,1.9089,1.92,1.9,1.9188,9500
5,TALS,2023-02-16 20:40:00,1.92,1.92,1.91,1.91,7300
5,TALS,2023-02-16 20:45:00,1.9,1.9046,1.9,1.9,10800
5,TALS,2023-02-16 20:50:00,1.905,1.925,1.9001,1.925,18200
5,TALS,2023-02-16 20:55:00,1.93,1.97,1.93,1.95,78300
5,TALS,2023-02-16 21:00:00,1.96,1.98,1.92,1.98,30300
5,TALS,2023-02-16 21:05:00,1.98,1.98,1.98,1.98,0
6,SVC,2023-02-16 18:05:00,10.7,10.71,10.69,10.69,4000
6,SVC,2023-02-16 18:10:00,10.69,10.69,10.64,10.65,17800
6,SVC,2023-02-16 18:15:00,10.65,10.69,10.65,10.69,11000
6,SVC,2023-02-16 18:20:00,10.69,10.71,10.69,10.69,11600
6,SVC,2023-02-16 18:25:00,10.7,10.72,10.69,10.69,8900
6,SVC,2023-02-16 18:30:00,10.69,10.71,10.68,10.69,22800
6,SVC,2023-02-16 18:35:00,10.7,10.71,10.69,10.7,30000
6,SVC,2023-02-16 18:40:00,10.69,10.71,10.66,10.69,44900
6,SVC,2023-02-16 18:45:00,10.7,10.74,10.69,10.73,68400
6,SVC,2023-02-16 18:50:00,10.74,10.78,10.67,10.67,41500
6,SVC,2023-02-16 18:55:00,10.67,10.68,10.65,10.66,15800
6,SVC,2023-02-16 19:00:00,10.66,10.66,10.61,10.63,59500
6,SVC,2023-02-16 19:05:00,10.63,10.66,10.63,10.65,11300
6,SVC,2023-02-16 19:10:00,10.66,10.73,10.65,10.72,16400
6,SVC,2023-02-16 19:15:00,10.72,10.73,10.66,10.66,34500
6,SVC,2023-02-16 19:20:00,10.66,10.66,10.61,10.62,19200
6,SVC,2023-02-16 19:25:00,10.6,10.66,10.6,10.64,27100
6,SVC,2023-02-16 19:30:00,10.65,10.65,10.61,10.62,9500
6,SVC,2023-02-16 19:35:00,10.61,10.62,10.6,10.61,9900
6,SVC,2023-02-16 19:40:00,10.61,10.61,10.58,10.61,10000
6,SVC,2023-02-16 19:45:00,10.6,10.61,10.59,10.6,16400
6,SVC,2023-02-16 19:50:00,10.6,10.66,10.6,10.65,10100
6,SVC,2023-02-16 19:55:00,10.66,10.66,10.6,10.6,10100
6,SVC,2023-02-16 20:00:00,10.6,10.66,10.59,10.62,21400
6,SVC,2023-02-16 20:05:00,10.62,10.67,10.6,10.65,21500
6,SVC,2023-02-16 20:10:00,10.65,10.68,10.65,10.66,7200
6,SVC,2023-02-16 20:15:00,10.67,10.67,10.61,10.62,9200
6,SVC,2023-02-16 20:20:00,10.62,10.62,10.58,10.61,30000
6,SVC,2023-02-16 20:25:00,10.6,10.61,10.6,10.61,17900
6,SVC,2023-02-16 20:30:00,10.6,10.61,10.56,10.59,18600
6,SVC,2023-02-16 20:35:00,10.6,10.62,10.55,10.55,18300
6,SVC,2023-02-16 20:40:00,10.54,10.55,10.49,10.5,53100
6,SVC,2023-02-16 20:45:00,10.49,10.5,10.46,10.47,20800
6,SVC,2023-02-16 20:50:00,10.47,10.57,10.47,10.57,137900
6,SVC,2023-02-16 20:55:00,10.57,10.59,10.51,10.52,234400
6,SVC,2023-02-16 21:00:00,10.52,10.52,10.52,10.52,231400
6,SVC,2023-02-16 21:05:00,10.52,10.52,10.52,10.52,0
7,RVSN,2023-02-16 18:05:00,1.7201,1.7201,1.7201,1.7201,0
7,RVSN,2023-02-16 18:10:00,1.7391,1.7391,1.7391,1.7391,100
7,RVSN,2023-02-16 18:15:00,1.7342,1.75,1.725,1.75,1100
7,RVSN,2023-02-16 18:20:00,1.75,1.79,1.75,1.7899,14100
7,RVSN,2023-02-16 18:25:00,1.7899,1.8,1.775,1.8,4900
7,RVSN,2023-02-16 18:30:00,1.8,1.82,1.75,1.815,5300
7,RVSN,2023-02-16 18:35:00,1.82,1.9,1.82,1.9,11800
7,RVSN,2023-02-16 18:40:00,1.8901,1.9,1.8416,1.8416,11600
7,RVSN,2023-02-16 18:45:00,1.8401,1.849,1.7799,1.8,7000
7,RVSN,2023-02-16 18:50:00,1.8418,1.89,1.8418,1.89,4900
7,RVSN,2023-02-16 18:55:00,1.89,1.9,1.89,1.9,4500
7,RVSN,2023-02-16 19:00:00,1.9,1.9,1.83,1.83,2900
7,RVSN,2023-02-16 19:05:00,1.9,1.9,1.87,1.9,7500
7,RVSN,2023-02-16 19:10:00,1.89,1.9,1.84,1.84,8400
7,RVSN,2023-02-16 19:15:00,1.87,1.88,1.826,1.85,6000
7,RVSN,2023-02-16 19:20:00,1.8436,1.87,1.8201,1.8298,5300
7,RVSN,2023-02-16 19:25:00,1.83,1.9,1.83,1.9,7700
7,RVSN,2023-02-16 19:30:00,1.9,1.9,1.9,1.9,4800
7,RVSN,2023-02-16 19:35:00,1.9,1.9,1.9,1.9,1700
7,RVSN,2023-02-16 19:40:00,1.9,1.9,1.9,1.9,3000
7,RVSN,2023-02-16 19:45:00,1.9,1.93,1.8998,1.93,7600
7,RVSN,2023-02-16 19:50:00,1.915,1.93,1.9,1.9001,16600
7,RVSN,2023-02-16 19:55:00,1.8985,1.9,1.8985,1.9,1800
7,RVSN,2023-02-16 20:00:00,1.8899,1.93,1.8801,1.9163,7300
7,RVSN,2023-02-16 20:05:00,1.92,1.9498,1.92,1.93,9300
7,RVSN,2023-02-16 20:10:00,1.93,1.95,1.91,1.9494,7400
7,RVSN,2023-02-16 20:15:00,1.9185,1.95,1.9185,1.9298,13000
7,RVSN,2023-02-16 20:20:00,1.9292,1.97,1.9292,1.96,5100
7,RVSN,2023-02-16 20:25:00,1.95,1.9699,1.95,1.9507,6900
7,RVSN,2023-02-16 20:30:00,1.955,1.97,1.95,1.97,7700
7,RVSN,2023-02-16 20:35:00,1.97,1.979,1.95,1.95,3900
7,RVSN,2023-02-16 20:40:00,1.965,1.98,1.9601,1.98,7000
7,RVSN,2023-02-16 20:45:00,1.96,1.9865,1.95,1.9865,6700
7,RVSN,2023-02-16 20:50:00,1.99,2.0,1.98,2.0,6400
7,RVSN,2023-02-16 20:55:00,2.0,2.0,1.9813,1.9836,12300
7,RVSN,2023-02-16 21:00:00,2.0,2.0,2.0,2.0,400
7,RVSN,2023-02-16 21:05:00,2.0,2.0,2.0,2.0,0
8,RBBN,2023-02-16 18:05:00,4.68,4.68,4.66,4.66,9200
8,RBBN,2023-02-16 18:10:00,4.66,4.68,4.66,4.675,5600
8,RBBN,2023-02-16 18:15:00,4.68,4.69,4.65,4.675,28800
8,RBBN,2023-02-16 18:20:00,4.6762,4.68,4.6701,4.68,11400
8,RBBN,2023-02-16 18:25:00,4.68,4.7499,4.68,4.7,111700
8,RBBN,2023-02-16 18:30:00,4.6913,4.72,4.67,4.6776,16400
8,RBBN,2023-02-16 18:35:00,4.68,4.72,4.68,4.71,11400
8,RBBN,2023-02-16 18:40:00,4.71,4.74,4.7019,4.72,32400
8,RBBN,2023-02-16 18:45:00,4.72,4.72,4.6912,4.7,15600
8,RBBN,2023-02-16 18:50:00,4.7,4.7,4.69,4.7,11200
8,RBBN,2023-02-16 18:55:00,4.7,4.71,4.685,4.705,19800
8,RBBN,2023-02-16 19:00:00,4.7,4.72,4.68,4.69,25300
8,RBBN,2023-02-16 19:05:00,4.68,4.7,4.68,4.695,8800
8,RBBN,2023-02-16 19:10:00,4.695,4.71,4.695,4.7,18200
8,RBBN,2023-02-16 19:15:00,4.7,4.73,4.7,4.73,18900
8,RBBN,2023-02-16 19:20:00,4.73,4.74,4.72,4.73,18600
8,RBBN,2023-02-16 19:25:00,4.73,4.74,4.69,4.7,20600
8,RBBN,2023-02-16 19:30:00,4.7,4.7,4.69,4.7,7100
8,RBBN,2023-02-16 19:35:00,4.7,4.715,4.6927,4.7075,24500
8,RBBN,2023-02-16 19:40:00,4.709,4.709,4.7,4.7075,5100
8,RBBN,2023-02-16 19:45:00,4.7,4.725,4.7,4.715,20100
8,RBBN,2023-02-16 19:50:00,4.715,4.76,4.715,4.75,55300
8,RBBN,2023-02-16 19:55:00,4.75,4.84,4.74,4.77,87300
8,RBBN,2023-02-16 20:00:00,4.771,4.775,4.71,4.75,35600
8,RBBN,2023-02-16 20:05:00,4.75,4.75,4.68,4.68,37800
8,RBBN,2023-02-16 20:10:00,4.7,4.705,4.67,4.69,25500
8,RBBN,2023-02-16 20:15:00,4.685,4.69,4.66,4.665,21200
8,RBBN,2023-02-16 20:20:00,4.665,4.68,4.63,4.64,21000
8,RBBN,2023-02-16 20:25:00,4.63,4.65,4.62,4.625,14500
8,RBBN,2023-02-16 20:30:00,4.62,4.6275,4.58,4.585,29000
8,RBBN,2023-02-16 20:35:00,4.59,4.64,4.57,4.595,42000
8,RBBN,2023-02-16 20:40:00,4.595,4.605,4.58,4.595,17200
8,RBBN,2023-02-16 20:45:00,4.595,4.6,4.58,4.58,33800
8,RBBN,2023-02-16 20:50:00,4.585,4.605,4.57,4.595,87400
8,RBBN,2023-02-16 20:55:00,4.595,4.63,4.59,4.625,165500
8,RBBN,2023-02-16 21:00:00,4.63,4.63,4.63,4.63,80300
8,RBBN,2023-02-16 21:05:00,4.63,4.63,4.63,4.63,0
9,BTCY,2023-02-16 18:05:00,0.8301,0.8301,0.8301,0.8301,0
9,BTCY,2023-02-16 18:10:00,0.83,0.83,0.82,0.828,10600
9,BTCY,2023-02-16 18:15:00,0.824,0.824,0.81,0.81,7900
9,BTCY,2023-02-16 18:20:00,0.81,0.82,0.8035,0.82,33500
9,BTCY,2023-02-16 18:25:00,0.8117,0.82,0.8117,0.82,2300
9,BTCY,2023-02-16 18:30:00,0.8199,0.8199,0.8199,0.8199,500
9,BTCY,2023-02-16 18:35:00,0.8035,0.8057,0.8035,0.8057,1900
9,BTCY,2023-02-16 18:40:00,0.8057,0.82,0.8057,0.82,700
9,BTCY,2023-02-16 18:45:00,0.8035,0.8035,0.8035,0.8035,1500
9,BTCY,2023-02-16 18:50:00,0.8163,0.8164,0.79,0.79,3300
9,BTCY,2023-02-16 18:55:00,0.79,0.79,0.79,0.79,200
9,BTCY,2023-02-16 19:00:00,0.7901,0.7901,0.7901,0.7901,500
9,BTCY,2023-02-16 19:05:00,0.79,0.7901,0.782,0.79,4800
9,BTCY,2023-02-16 19:10:00,0.79,0.79,0.79,0.79,0
9,BTCY,2023-02-16 19:15:00,0.79,0.79,0.79,0.79,0
9,BTCY,2023-02-16 19:20:00,0.79,0.79,0.79,0.79,0
9,BTCY,2023-02-16 19:25:00,0.7883,0.79,0.7883,0.79,2600
9,BTCY,2023-02-16 19:30:00,0.79,0.79,0.79,0.79,0
9,BTCY,2023-02-16 19:35:00,0.79,0.79,0.7865,0.79,300
9,BTCY,2023-02-16 19:40:00,0.7898,0.7898,0.7898,0.7898,100
9,BTCY,2023-02-16 19:45:00,0.79,0.79,0.7865,0.7865,1000
9,BTCY,2023-02-16 19:50:00,0.79,0.79,0.79,0.79,800
9,BTCY,2023-02-16 19:55:00,0.7865,0.7865,0.7865,0.7865,100
9,BTCY,2023-02-16 20:00:00,0.79,0.79,0.79,0.79,2000
9,BTCY,2023-02-16 20:05:00,0.7831,0.7831,0.7831,0.7831,100
9,BTCY,2023-02-16 20:10:00,0.7831,0.7831,0.7831,0.7831,0
9,BTCY,2023-02-16 20:15:00,0.7831,0.7831,0.7831,0.7831,0
9,BTCY,2023-02-16 20:20:00,0.7832,0.7832,0.7801,0.7802,5500
9,BTCY,2023-02-16 20:25:00,0.7802,0.7802,0.7802,0.7802,100
9,BTCY,2023-02-16 20:30:00,0.7802,0.8,0.78,0.8,13000
9,BTCY,2023-02-16 20:35:00,0.795,0.8,0.795,0.8,3700
9,BTCY,2023-02-16 20:40:00,0.79,0.79,0.79,0.79,1300
9,BTCY,2023-02-16 20:45:00,0.7802,0.7802,0.7802,0.7802,800
9,BTCY,2023-02-16 20:50:00,0.8,0.81,0.7962,0.8,9800
9,BTCY,2023-02-16 20:55:00,0.8,0.826,0.8,0.8224,6600
9,BTCY,2023-02-16 21:00:00,0.828,0.828,0.828,0.828,600
9,BTCY,2023-02-16 21:05:00,0.828,0.828,0.828,0.828,0
10,INZY,2023-02-16 18:05:00,2.91,2.93,2.9,2.92,23500
10,INZY,2023-02-16 18:10:00,2.9201,2.94,2.92,2.925,40500
10,INZY,2023-02-16 18:15:00,2.93,2.93,2.87,2.89,150200
10,INZY,2023-02-16 18:20:00,2.89,2.96,2.88,2.9399,105500
10,INZY,2023-02-16 18:25:00,2.94,2.96,2.91,2.95,131000
10,INZY,2023-02-16 18:30:00,2.96,2.96,2.9101,2.95,80500
10,INZY,2023-02-16 18:35:00,2.94,2.944,2.914,2.914,31000
10,INZY,2023-02-16 18:40:00,2.92,2.98,2.92,2.968,109200
10,INZY,2023-02-16 18:45:00,2.96,2.97,2.9,2.9187,49100
10,INZY,2023-02-16 18:50:00,2.9199,2.98,2.9,2.97,134700
10,INZY,2023-02-16 18:55:00,2.97,2.97,2.92,2.93,91900
10,INZY,2023-02-16 19:00:00,2.945,2.99,2.92,2.9795,91500
10,INZY,2023-02-16 19:05:00,2.98,3.05,2.97,3.0299,401900
10,INZY,2023-02-16 19:10:00,3.0205,3.13,2.98,3.0799,877600
10,INZY,2023-02-16 19:15:00,3.0695,3.09,3.0,3.045,441300
10,INZY,2023-02-16 19:20:00,3.046,3.08,3.03,3.035,304600
10,INZY,2023-02-16 19:25:00,3.0312,3.0599,2.95,2.9705,308100
10,INZY,2023-02-16 19:30:00,2.98,2.9899,2.96,2.97,79500
10,INZY,2023-02-16 19:35:00,2.97,3.0,2.9,2.9286,266600
10,INZY,2023-02-16 19:40:00,2.9299,2.94,2.9,2.92,96500
10,INZY,2023-02-16 19:45:00,2.91,2.98,2.908,2.9321,156800
10,INZY,2023-02-16 19:50:00,2.94,2.95,2.9001,2.92,49900
10,INZY,2023-02-16 19:55:00,2.92,2.93,2.9,2.92,66200
10,INZY,2023-02-16 20:00:00,2.9199,2.94,2.9,2.9299,67900
10,INZY,2023-02-16 20:05:00,2.93,2.93,2.86,2.87,179000
10,INZY,2023-02-16 20:10:00,2.87,2.93,2.86,2.92,136100
10,INZY,2023-02-16 20:15:00,2.9213,2.94,2.87,2.9247,68000
10,INZY,2023-02-16 20:20:00,2.9201,2.93,2.9,2.91,17800
10,INZY,2023-02-16 20:25:00,2.905,2.94,2.9001,2.9399,48800
10,INZY,2023-02-16 20:30:00,2.9381,2.95,2.85,2.9,172300
10,INZY,2023-02-16 20:35:00,2.8801,2.9,2.85,2.875,139600
10,INZY,2023-02-16 20:40:00,2.875,2.875,2.68,2.7012,482900
10,INZY,2023-02-16 20:45:00,2.715,2.78,2.69,2.7157,247500
10,INZY,2023-02-16 20:50:00,2.71,2.74,2.69,2.71,179900
10,INZY,2023-02-16 20:55:00,2.72,2.7276,2.62,2.7,293500
10,INZY,2023-02-16 21:00:00,2.7,2.7,2.62,2.63,28700
10,INZY,2023-02-16 21:05:00,2.67,2.67,2.67,2.67,1000
11,ONVO,2023-02-16 18:05:00,3.38,3.395,3.38,3.39,3700
11,ONVO,2023-02-16 18:10:00,3.384,3.4,3.32,3.355,29700
11,ONVO,2023-02-16 18:15:00,3.4,3.4,3.392,3.3961,3200
11,ONVO,2023-02-16 18:20:00,3.3919,3.4,3.36,3.38,9700
11,ONVO,2023-02-16 18:25:00,3.38,3.4,3.38,3.4,9700
11,ONVO,2023-02-16 18:30:00,3.38,3.4,3.38,3.3995,4400
11,ONVO,2023-02-16 18:35:00,3.4,3.4,3.39,3.39,7400
11,ONVO,2023-02-16 18:40:00,3.39,3.39,3.33,3.3326,7300
11,ONVO,2023-02-16 18:45:00,3.3401,3.38,3.28,3.34,10000
11,ONVO,2023-02-16 18:50:00,3.29,3.2993,3.29,3.2905,9900
11,ONVO,2023-02-16 18:55:00,3.315,3.315,3.17,3.3,24400
11,ONVO,2023-02-16 19:00:00,3.3144,3.34,3.29,3.34,2900
11,ONVO,2023-02-16 19:05:00,3.35,3.3799,3.35,3.3705,2000
11,ONVO,2023-02-16 19:10:00,3.37,3.37,3.31,3.3308,6900
11,ONVO,2023-02-16 19:15:00,3.36,3.36,3.36,3.36,100
11,ONVO,2023-02-16 19:20:00,3.34,3.36,3.34,3.36,2500
11,ONVO,2023-02-16 19:25:00,3.345,3.3899,3.345,3.3898,1100
11,ONVO,2023-02-16 19:30:00,3.39,3.4,3.36,3.36,19600
11,ONVO,2023-02-16 19:35:00,3.3739,3.3899,3.35,3.3543,7700
11,ONVO,2023-02-16 19:40:00,3.332,3.34,3.286,3.286,2100
11,ONVO,2023-02-16 19:45:00,3.33,3.33,3.2652,3.2652,9200
11,ONVO,2023-02-16 19:50:00,3.33,3.35,3.33,3.35,2000
11,ONVO,2023-02-16 19:55:00,3.315,3.3499,3.2869,3.2869,8300
11,ONVO,2023-02-16 20:00:00,3.29,3.2916,3.29,3.2906,2100
11,ONVO,2023-02-16 20:05:00,3.34,3.34,3.34,3.34,100
11,ONVO,2023-02-16 20:10:00,3.34,3.34,3.29,3.2908,2000
11,ONVO,2023-02-16 20:15:00,3.3225,3.34,3.22,3.22,3400
11,ONVO,2023-02-16 20:20:00,3.23,3.23,3.17,3.2,23100
11,ONVO,2023-02-16 20:25:00,3.18,3.1801,3.1311,3.1311,6400
11,ONVO,2023-02-16 20:30:00,3.14,3.16,3.1031,3.16,3600
11,ONVO,2023-02-16 20:35:00,3.135,3.16,3.1,3.1072,6800
11,ONVO,2023-02-16 20:40:00,3.14,3.1446,3.1313,3.1438,2000
11,ONVO,2023-02-16 20:45:00,3.18,3.1846,3.1788,3.1846,1900
11,ONVO,2023-02-16 20:50:00,3.195,3.2299,3.195,3.22,3000
11,ONVO,2023-02-16 20:55:00,3.22,3.22,3.1,3.21,20500
11,ONVO,2023-02-16 21:00:00,3.2,3.2,3.2,3.2,400
11,ONVO,2023-02-16 21:05:00,3.2,3.2,3.2,3.2,0
12,HOTH,2023-02-16 18:05:00,3.19,3.31,3.16,3.29,123300
12,HOTH,2023-02-16 18:10:00,3.29,3.39,3.25,3.31,352900
12,HOTH,2023-02-16 18:15:00,3.34,3.34,3.13,3.18,178600
12,HOTH,2023-02-16 18:20:00,3.17,3.23,3.06,3.06,55500
12,HOTH,2023-02-16 18:25:00,3.12,3.17,3.08,3.08,40300
12,HOTH,2023-02-16 18:30:00,3.08,3.14,3.0,3.03,48400
12,HOTH,2023-02-16 18:35:00,3.04,3.11,3.03,3.08,23500
12,HOTH,2023-02-16 18:40:00,3.07,3.32,3.07,3.2,107700
12,HOTH,2023-02-16 18:45:00,3.22,3.25,3.2,3.24,28900
12,HOTH,2023-02-16 18:50:00,3.24,3.28,3.16,3.23,43500
12,HOTH,2023-02-16 18:55:00,3.23,3.35,3.23,3.32,117700
12,HOTH,2023-02-16 19:00:00,3.33,3.33,3.23,3.29,47100
12,HOTH,2023-02-16 19:05:00,3.28,3.32,3.16,3.32,90400
12,HOTH,2023-02-16 19:10:00,3.29,3.65,3.27,3.57,433000
12,HOTH,2023-02-16 19:15:00,3.54,3.75,3.51,3.55,503900
12,HOTH,2023-02-16 19:20:00,3.55,3.58,3.42,3.46,363300
12,HOTH,2023-02-16 19:25:00,3.48,3.53,3.46,3.48,53700
12,HOTH,2023-02-16 19:30:00,3.48,3.5,3.38,3.47,152800
12,HOTH,2023-02-16 19:35:00,3.47,3.54,3.45,3.53,222200
12,HOTH,2023-02-16 19:40:00,3.52,3.54,3.41,3.45,92400
12,HOTH,2023-02-16 19:45:00,3.47,3.48,3.32,3.33,116200
12,HOTH,2023-02-16 19:50:00,3.32,3.38,3.32,3.36,45200
12,HOTH,2023-02-16 19:55:00,3.36,3.36,3.31,3.33,93700
12,HOTH,2023-02-16 20:00:00,3.31,3.33,3.17,3.19,127400
12,HOTH,2023-02-16 20:05:00,3.2,3.26,3.19,3.25,38100
12,HOTH,2023-02-16 20:10:00,3.26,3.41,3.22,3.36,51400
12,HOTH,2023-02-16 20:15:00,3.39,3.42,3.3,3.3,58600
12,HOTH,2023-02-16 20:20:00,3.32,3.33,3.31,3.32,25100
12,HOTH,2023-02-16 20:25:00,3.32,3.35,3.23,3.23,51500
12,HOTH,2023-02-16 20:30:00,3.29,3.32,3.2,3.28,33800
12,HOTH,2023-02-16 20:35:00,3.26,3.35,3.26,3.32,20800
12,HOTH,2023-02-16 20:40:00,3.32,3.33,3.18,3.27,42900
12,HOTH,2023-02-16 20:45:00,3.28,3.33,3.25,3.26,34200
12,HOTH,2023-02-16 20:50:00,3.21,3.26,3.17,3.17,45200
12,HOTH,2023-02-16 20:55:00,3.18,3.2,3.13,3.16,72900
12,HOTH,2023-02-16 21:00:00,3.15,3.17,3.14,3.16,27100
12,HOTH,2023-02-16 21:05:00,3.16,3.16,3.16,3.16,0
13,ASXC,2023-02-16 18:05:00,0.9487,0.9488,0.9408,0.9485,51900
13,ASXC,2023-02-16 18:10:00,0.9486,0.9487,0.9401,0.9485,24600
13,ASXC,2023-02-16 18:15:00,0.9466,0.949,0.9446,0.949,47700
13,ASXC,2023-02-16 18:20:00,0.9488,0.9713,0.9488,0.9713,118300
13,ASXC,2023-02-16 18:25:00,0.9714,0.972,0.96,0.97,62800
13,ASXC,2023-02-16 18:30:00,0.97,0.97,0.9584,0.9584,77400
13,ASXC,2023-02-16 18:35:00,0.9641,0.9698,0.9501,0.9691,27700
13,ASXC,2023-02-16 18:40:00,0.9621,0.97,0.9551,0.9632,30400
13,ASXC,2023-02-16 18:45:00,0.9592,0.97,0.9592,0.9627,24200
13,ASXC,2023-02-16 18:50:00,0.9628,0.97,0.9558,0.96,17500
13,ASXC,2023-02-16 18:55:00,0.9599,0.97,0.9599,0.97,32900
13,ASXC,2023-02-16 19:00:00,0.97,0.983,0.9618,0.983,57400
13,ASXC,2023-02-16 19:05:00,0.9829,0.9842,0.971,0.9828,108800
13,ASXC,2023-02-16 19:10:00,0.9835,0.99,0.9828,0.989,104400
13,ASXC,2023-02-16 19:15:00,0.9864,0.99,0.98,0.9886,77200
13,ASXC,2023-02-16 19:20:00,0.9894,0.99,0.9741,0.988,76400
13,ASXC,2023-02-16 19:25:00,0.9866,0.988,0.9741,0.988,77600
13,ASXC,2023-02-16 19:30:00,0.9871,1.02,0.9868,1.0199,440900
13,ASXC,2023-02-16 19:35:00,1.0,1.02,0.9918,1.01,144300
13,ASXC,2023-02-16 19:40:00,1.005,1.02,1.0,1.02,97800
13,ASXC,2023-02-16 19:45:00,1.0126,1.02,1.01,1.0179,50200
13,ASXC,2023-02-16 19:50:00,1.0101,1.03,1.0101,1.0294,187000
13,ASXC,2023-02-16 19:55:00,1.03,1.05,1.0201,1.0398,197000
13,ASXC,2023-02-16 20:00:00,1.0394,1.04,1.01,1.015,238600
13,ASXC,2023-02-16 20:05:00,1.015,1.03,1.01,1.0287,151100
13,ASXC,2023-02-16 20:10:00,1.03,1.05,0.9919,0.9922,332600
13,ASXC,2023-02-16 20:15:00,1.001,1.001,0.9601,0.9794,252000
13,ASXC,2023-02-16 20:20:00,0.975,1.0099,0.9601,0.9939,104500
13,ASXC,2023-02-16 20:25:00,0.98,0.9958,0.98,0.995,63500
13,ASXC,2023-02-16 20:30:00,0.9875,1.0,0.9801,0.997,53500
13,ASXC,2023-02-16 20:35:00,0.997,1.01,0.9601,0.979,95000
13,ASXC,2023-02-16 20:40:00,0.9745,0.988,0.9625,0.979,50800
13,ASXC,2023-02-16 20:45:00,0.9789,0.9977,0.9671,0.9671,200400
13,ASXC,2023-02-16 20:50:00,0.9671,0.9887,0.963,0.9791,128800
13,ASXC,2023-02-16 20:55:00,0.9788,1.0,0.9778,0.9793,212000
13,ASXC,2023-02-16 21:00:00,0.9981,0.9981,0.98,0.995,4100
13,ASXC,2023-02-16 21:05:00,0.995,0.995,0.995,0.995,0
14,GLYC,2023-02-16 18:05:00,1.77,1.78,1.76,1.765,15800
14,GLYC,2023-02-16 18:10:00,1.7609,1.8,1.75,1.78,72400
14,GLYC,2023-02-16 18:15:00,1.79,1.81,1.7867,1.8,25900
14,GLYC,2023-02-16 18:20:00,1.8,1.8,1.77,1.78,20800
14,GLYC,2023-02-16 18:25:00,1.78,1.79,1.71,1.73,84500
14,GLYC,2023-02-16 18:30:00,1.72,1.79,1.72,1.7892,95500
14,GLYC,2023-02-16 18:35:00,1.785,1.84,1.76,1.835,143400
14,GLYC,2023-02-16 18:40:00,1.84,1.84,1.78,1.8,53200
14,GLYC,2023-02-16 18:45:00,1.81,1.82,1.79,1.81,33600
14,GLYC,2023-02-16 18:50:00,1.81,1.83,1.8,1.82,29600
14,GLYC,2023-02-16 18:55:00,1.83,1.84,1.82,1.825,45300
14,GLYC,2023-02-16 19:00:00,1.8299,1.84,1.82,1.83,33500
14,GLYC,2023-02-16 19:05:00,1.83,1.83,1.82,1.83,8900
14,GLYC,2023-02-16 19:10:00,1.825,1.83,1.815,1.815,17500
14,GLYC,2023-02-16 19:15:00,1.82,1.82,1.81,1.8101,18700
14,GLYC,2023-02-16 19:20:00,1.82,1.84,1.815,1.84,31400
14,GLYC,2023-02-16 19:25:00,1.84,1.84,1.83,1.84,23800
14,GLYC,2023-02-16 19:30:00,1.8399,1.845,1.83,1.84,25300
14,GLYC,2023-02-16 19:35:00,1.84,1.85,1.82,1.83,21500
14,GLYC,2023-02-16 19:40:00,1.8293,1.83,1.8,1.81,23600
14,GLYC,2023-02-16 19:45:00,1.815,1.8378,1.81,1.83,21500
14,GLYC,2023-02-16 19:50:00,1.825,1.83,1.81,1.82,19700
14,GLYC,2023-02-16 19:55:00,1.82,1.83,1.8148,1.82,12800
14,GLYC,2023-02-16 20:00:00,1.815,1.82,1.79,1.81,20300
14,GLYC,2023-02-16 20:05:00,1.81,1.81,1.795,1.805,30000
14,GLYC,2023-02-16 20:10:00,1.81,1.82,1.805,1.81,16700
14,GLYC,2023-02-16 20:15:00,1.815,1.82,1.785,1.79,21300
14,GLYC,2023-02-16 20:20:00,1.7801,1.8,1.78,1.8,17600
14,GLYC,2023-02-16 20:25:00,1.8,1.8,1.775,1.788,24500
14,GLYC,2023-02-16 20:30:00,1.79,1.83,1.79,1.8283,49400
14,GLYC,2023-02-16 20:35:00,1.83,1.84,1.82,1.84,36100
14,GLYC,2023-02-16 20:40:00,1.84,1.84,1.82,1.83,36400
14,GLYC,2023-02-16 20:45:00,1.8273,1.83,1.8001,1.81,69300
14,GLYC,2023-02-16 20:50:00,1.805,1.83,1.805,1.815,48400
14,GLYC,2023-02-16 20:55:00,1.815,1.82,1.8,1.8113,98900
14,GLYC,2023-02-16 21:00:00,1.815,1.83,1.815,1.82,27500
14,GLYC,2023-02-16 21:05:00,1.82,1.82,1.82,1.82,0
15,ARBE,2023-02-16 18:05:00,3.72,3.72,3.68,3.68,3900
15,ARBE,2023-02-16 18:10:00,3.7,3.7,3.7,3.7,100
15,ARBE,2023-02-16 18:15:00,3.7,3.7,3.7,3.7,0
15,ARBE,2023-02-16 18:20:00,3.7,3.7,3.7,3.7,1000
15,ARBE,2023-02-16 18:25:00,3.7,3.7,3.7,3.7,0
15,ARBE,2023-02-16 18:30:00,3.7,3.7,3.7,3.7,0
15,ARBE,2023-02-16 18:35:00,3.7,3.7,3.7,3.7,0
15,ARBE,2023-02-16 18:40:00,3.7,3.7,3.7,3.7,0
15,ARBE,2023-02-16 18:45:00,3.7,3.7,3.68,3.7,2400
15,ARBE,2023-02-16 18:50:00,3.7,3.7,3.7,3.7,0
15,ARBE,2023-02-16 18:55:00,3.7,3.7,3.7,3.7,0
15,ARBE,2023-02-16 19:00:00,3.7,3.7,3.7,3.7,0
15,ARBE,2023-02-16 19:05:00,3.7,3.7,3.7,3.7,0
15,ARBE,2023-02-16 19:10:00,3.71,3.71,3.71,3.71,100
15,ARBE,2023-02-16 19:15:00,3.71,3.72,3.71,3.72,200
15,ARBE,2023-02-16 19:20:00,3.72,3.72,3.68,3.72,4500
15,ARBE,2023-02-16 19:25:00,3.75,3.8,3.72,3.79,1900
15,ARBE,2023-02-16 19:30:00,3.8,3.8,3.8,3.8,100
15,ARBE,2023-02-16 19:35:00,3.8,3.8,3.79,3.8,600
15,ARBE,2023-02-16 19:40:00,3.79,3.8,3.79,3.79,500
15,ARBE,2023-02-16 19:45:00,3.77,3.77,3.71,3.71,800
15,ARBE,2023-02-16 19:50:00,3.71,3.71,3.71,3.71,0
15,ARBE,2023-02-16 19:55:00,3.71,3.71,3.71,3.71,0
15,ARBE,2023-02-16 20:00:00,3.71,3.71,3.71,3.71,0
15,ARBE,2023-02-16 20:05:00,3.74,3.75,3.74,3.75,500
15,ARBE,2023-02-16 20:10:00,3.75,3.75,3.75,3.75,0
15,ARBE,2023-02-16 20:15:00,3.72,3.72,3.72,3.72,300
15,ARBE,2023-02-16 20:20:00,3.75,3.75,3.75,3.75,1600
15,ARBE,2023-02-16 20:25:00,3.75,3.75,3.75,3.75,0
15,ARBE,2023-02-16 20:30:00,3.78,3.78,3.78,3.78,500
15,ARBE,2023-02-16 20:35:00,3.72,3.73,3.72,3.73,3600
15,ARBE,2023-02-16 20:40:00,3.72,3.72,3.72,3.72,200
15,ARBE,2023-02-16 20:45:00,3.77,3.78,3.77,3.78,600
15,ARBE,2023-02-16 20:50:00,3.78,3.84,3.78,3.8,6400
15,ARBE,2023-02-16 20:55:00,3.84,3.88,3.81,3.87,1600
15,ARBE,2023-02-16 21:00:00,3.88,3.88,3.88,3.88,400
15,ARBE,2023-02-16 21:05:00,3.88,3.88,3.88,3.88,0
16,APLT,2023-02-16 18:05:00,1.1,1.11,1.0801,1.1,22700
16,APLT,2023-02-16 18:10:00,1.1,1.1,1.085,1.085,10600
16,APLT,2023-02-16 18:15:00,1.08,1.1,1.07,1.0989,11100
16,APLT,2023-02-16 18:20:00,1.1,1.1,1.0999,1.1,4200
16,APLT,2023-02-16 18:25:00,1.1,1.1,1.09,1.1,1600
16,APLT,2023-02-16 18:30:00,1.09,1.1,1.08,1.085,5500
16,APLT,2023-02-16 18:35:00,1.08,1.1,1.08,1.1,8000
16,APLT,2023-02-16 18:40:00,1.095,1.11,1.095,1.11,3000
16,APLT,2023-02-16 18:45:00,1.1,1.11,1.0901,1.11,4500
16,APLT,2023-02-16 18:50:00,1.11,1.11,1.1001,1.1001,7700
16,APLT,2023-02-16 18:55:00,1.105,1.11,1.105,1.11,1600
16,APLT,2023-02-16 19:00:00,1.105,1.12,1.1001,1.1182,37100
16,APLT,2023-02-16 19:05:00,1.12,1.12,1.1101,1.1101,6900
16,APLT,2023-02-16 19:10:00,1.1101,1.12,1.11,1.115,9500
16,APLT,2023-02-16 19:15:00,1.1138,1.12,1.1,1.1075,18300
16,APLT,2023-02-16 19:20:00,1.1012,1.11,1.08,1.0802,33000
16,APLT,2023-02-16 19:25:00,1.085,1.105,1.085,1.105,14200
16,APLT,2023-02-16 19:30:00,1.11,1.1169,1.095,1.105,6900
16,APLT,2023-02-16 19:35:00,1.105,1.12,1.09,1.11,11500
16,APLT,2023-02-16 19:40:00,1.11,1.12,1.11,1.115,18300
16,APLT,2023-02-16 19:45:00,1.11,1.12,1.09,1.1197,11100
16,APLT,2023-02-16 19:50:00,1.1146,1.13,1.11,1.1294,12500
16,APLT,2023-02-16 19:55:00,1.125,1.13,1.12,1.1227,10900
16,APLT,2023-02-16 20:00:00,1.125,1.13,1.12,1.125,4400
16,APLT,2023-02-16 20:05:00,1.125,1.13,1.12,1.13,8600
16,APLT,2023-02-16 20:10:00,1.13,1.15,1.13,1.1499,26400
16,APLT,2023-02-16 20:15:00,1.145,1.16,1.145,1.16,16100
16,APLT,2023-02-16 20:20:00,1.1501,1.1729,1.14,1.1729,22600
16,APLT,2023-02-16 20:25:00,1.17,1.18,1.15,1.1621,20800
16,APLT,2023-02-16 20:30:00,1.16,1.165,1.13,1.13,23600
16,APLT,2023-02-16 20:35:00,1.12,1.12,1.09,1.115,27700
16,APLT,2023-02-16 20:40:00,1.12,1.15,1.115,1.12,12600
16,APLT,2023-02-16 20:45:00,1.125,1.13,1.11,1.12,6000
16,APLT,2023-02-16 20:50:00,1.13,1.14,1.12,1.1399,12800
16,APLT,2023-02-16 20:55:00,1.14,1.17,1.125,1.165,85400
16,APLT,2023-02-16 21:00:00,1.17,1.19,1.14,1.19,9200
16,APLT,2023-02-16 21:05:00,1.19,1.19,1.19,1.19,0
17,THCH,2023-02-16 18:05:00,5.75,5.78,5.75,5.78,400
17,THCH,2023-02-16 18:10:00,5.84,5.84,5.78,5.84,600
17,THCH,2023-02-16 18:15:00,5.84,5.9,5.84,5.87,7800
17,THCH,2023-02-16 18:20:00,5.88,5.9,5.83,5.84,7900
17,THCH,2023-02-16 18:25:00,5.84,5.84,5.84,5.84,0
17,THCH,2023-02-16 18:30:00,5.84,5.9,5.81,5.9,3800
17,THCH,2023-02-16 18:35:00,5.9,5.91,5.85,5.9,6400
17,THCH,2023-02-16 18:40:00,5.9,5.9,5.85,5.87,3100
17,THCH,2023-02-16 18:45:00,5.87,5.95,5.87,5.9,11100
17,THCH,2023-02-16 18:50:00,5.95,6.14,5.92,6.08,34400
17,THCH,2023-02-16 18:55:00,6.07,6.15,6.01,6.15,5100
17,THCH,2023-02-16 19:00:00,6.15,6.24,6.08,6.24,4700
17,THCH,2023-02-16 19:05:00,6.25,6.25,6.14,6.15,11000
17,THCH,2023-02-16 19:10:00,6.14,6.15,6.14,6.15,700
17,THCH,2023-02-16 19:15:00,6.14,6.24,6.14,6.23,2600
17,THCH,2023-02-16 19:20:00,6.2,6.28,6.2,6.28,2700
17,THCH,2023-02-16 19:25:00,6.24,6.34,6.2,6.22,12700
17,THCH,2023-02-16 19:30:00,6.24,6.24,6.0,6.0,4600
17,THCH,2023-02-16 19:35:00,6.16,6.16,6.03,6.03,3300
17,THCH,2023-02-16 19:40:00,6.1,6.15,6.1,6.15,900
17,THCH,2023-02-16 19:45:00,6.14,6.2,6.14,6.2,1900
17,THCH,2023-02-16 19:50:00,6.17,6.21,6.17,6.21,900
17,THCH,2023-02-16 19:55:00,6.21,6.21,6.17,6.18,800
17,THCH,2023-02-16 20:00:00,6.16,6.2,6.15,6.15,1600
17,THCH,2023-02-16 20:05:00,6.16,6.16,6.15,6.15,1200
17,THCH,2023-02-16 20:10:00,6.18,6.18,6.15,6.18,9500
17,THCH,2023-02-16 20:15:00,6.18,6.18,6.08,6.08,5400
17,THCH,2023-02-16 20:20:00,6.11,6.11,6.0,6.0,8500
17,THCH,2023-02-16 20:25:00,6.02,6.04,6.01,6.04,700
17,THCH,2023-02-16 20:30:00,6.04,6.09,6.04,6.09,2000
17,THCH,2023-02-16 20:35:00,6.09,6.14,6.08,6.14,3300
17,THCH,2023-02-16 20:40:00,6.16,6.17,6.09,6.14,1300
17,THCH,2023-02-16 20:45:00,6.14,6.18,6.11,6.18,3100
17,THCH,2023-02-16 20:50:00,6.18,6.24,6.14,6.2,5500
17,THCH,2023-02-16 20:55:00,6.19,6.23,6.17,6.22,20300
17,THCH,2023-02-16 21:00:00,6.23,6.23,6.18,6.18,1500
17,THCH,2023-02-16 21:05:00,6.18,6.18,6.18,6.18,0
18,DPRO,2023-02-16 18:05:00,2.2048,2.21,2.19,2.21,8700
18,DPRO,2023-02-16 18:10:00,2.2,2.21,2.19,2.2069,4500
18,DPRO,2023-02-16 18:15:00,2.2001,2.215,2.2,2.21,9900
18,DPRO,2023-02-16 18:20:00,2.215,2.22,2.2,2.22,2000
18,DPRO,2023-02-16 18:25:00,2.2175,2.2175,2.16,2.18,20600
18,DPRO,2023-02-16 18:30:00,2.185,2.2,2.1701,2.1701,1300
18,DPRO,2023-02-16 18:35:00,2.1888,2.204,2.18,2.18,8600
18,DPRO,2023-02-16 18:40:00,2.19,2.19,2.1728,2.1728,4000
18,DPRO,2023-02-16 18:45:00,2.17,2.2,2.17,2.1872,12200
18,DPRO,2023-02-16 18:50:00,2.1936,2.2,2.17,2.175,16000
18,DPRO,2023-02-16 18:55:00,2.1788,2.1906,2.1719,2.185,8700
18,DPRO,2023-02-16 19:00:00,2.185,2.21,2.1741,2.2,18800
18,DPRO,2023-02-16 19:05:00,2.1963,2.1963,2.19,2.1912,1000
18,DPRO,2023-02-16 19:10:00,2.2,2.2,2.18,2.18,1900
18,DPRO,2023-02-16 19:15:00,2.1811,2.1886,2.1811,2.1886,700
18,DPRO,2023-02-16 19:20:00,2.19,2.2,2.19,2.2,1700
18,DPRO,2023-02-16 19:25:00,2.2,2.22,2.1999,2.22,3400
18,DPRO,2023-02-16 19:30:00,2.2199,2.25,2.2099,2.24,16700
18,DPRO,2023-02-16 19:35:00,2.24,2.25,2.2305,2.2317,12600
18,DPRO,2023-02-16 19:40:00,2.2499,2.25,2.2314,2.2314,2800
18,DPRO,2023-02-16 19:45:00,2.2301,2.24,2.23,2.2307,3100
18,DPRO,2023-02-16 19:50:00,2.235,2.24,2.23,2.2349,1700
18,DPRO,2023-02-16 19:55:00,2.2301,2.24,2.23,2.23,9900
18,DPRO,2023-02-16 20:00:00,2.24,2.28,2.2357,2.258,23300
18,DPRO,2023-02-16 20:05:00,2.25,2.255,2.25,2.2524,7100
18,DPRO,2023-02-16 20:10:00,2.255,2.26,2.24,2.26,18200
18,DPRO,2023-02-16 20:15:00,2.2408,2.255,2.24,2.255,6800
18,DPRO,2023-02-16 20:20:00,2.2401,2.2579,2.24,2.25,3500
18,DPRO,2023-02-16 20:25:00,2.24,2.2499,2.23,2.2382,6100
18,DPRO,2023-02-16 20:30:00,2.2301,2.2301,2.22,2.22,15200
18,DPRO,2023-02-16 20:35:00,2.23,2.24,2.22,2.2392,10300
18,DPRO,2023-02-16 20:40:00,2.233,2.24,2.2301,2.2394,2700
18,DPRO,2023-02-16 20:45:00,2.24,2.27,2.2301,2.255,26900
18,DPRO,2023-02-16 20:50:00,2.26,2.26,2.22,2.2448,37500
18,DPRO,2023-02-16 20:55:00,2.24,2.27,2.23,2.25,34800
18,DPRO,2023-02-16 21:00:00,2.27,2.27,2.27,2.27,4900
18,DPRO,2023-02-16 21:05:00,2.27,2.27,2.27,2.27,0
19,FSLY,2023-02-16 18:05:00,16.65,16.75,16.64,16.72,192300
19,FSLY,2023-02-16 18:10:00,16.72,16.86,16.68,16.74,166900
19,FSLY,2023-02-16 18:15:00,16.73,16.75,16.44,16.58,263700
19,FSLY,2023-02-16 18:20:00,16.58,16.59,16.47,16.53,126500
19,FSLY,2023-02-16 18:25:00,16.53,16.71,16.5,16.69,153200
19,FSLY,2023-02-16 18:30:00,16.68,16.69,16.55,16.69,142700
19,FSLY,2023-02-16 18:35:00,16.68,16.87,16.65,16.78,180500
19,FSLY,2023-02-16 18:40:00,16.78,16.83,16.71,16.83,169400
19,FSLY,2023-02-16 18:45:00,16.82,16.92,16.76,16.84,138000
19,FSLY,2023-02-16 18:50:00,16.85,16.85,16.76,16.79,103200
19,FSLY,2023-02-16 18:55:00,16.79,16.96,16.78,16.96,197500
19,FSLY,2023-02-16 19:00:00,16.96,17.12,16.9,17.05,323100
19,FSLY,2023-02-16 19:05:00,17.06,17.12,16.95,16.98,342800
19,FSLY,2023-02-16 19:10:00,16.98,17.04,16.94,16.95,106000
19,FSLY,2023-02-16 19:15:00,16.95,17.1,16.88,17.01,214000
19,FSLY,2023-02-16 19:20:00,17.01,17.11,16.96,17.0,177200
19,FSLY,2023-02-16 19:25:00,17.01,17.18,17.0,17.12,269100
19,FSLY,2023-02-16 19:30:00,17.12,17.18,17.0,17.04,149000
19,FSLY,2023-02-16 19:35:00,17.04,17.07,16.98,17.05,143600
19,FSLY,2023-02-16 19:40:00,17.05,17.06,16.78,16.8,301600
19,FSLY,2023-02-16 19:45:00,16.81,16.89,16.72,16.86,205000
19,FSLY,2023-02-16 19:50:00,16.85,17.03,16.85,17.01,128800
19,FSLY,2023-02-16 19:55:00,17.0,17.01,16.89,16.9,126300
19,FSLY,2023-02-16 20:00:00,16.91,16.93,16.75,16.79,191000
19,FSLY,2023-02-16 20:05:00,16.79,16.85,16.67,16.75,232700
19,FSLY,2023-02-16 20:10:00,16.75,16.87,16.75,16.82,186400
19,FSLY,2023-02-16 20:15:00,16.8,16.81,16.61,16.64,181700
19,FSLY,2023-02-16 20:20:00,16.64,16.64,16.39,16.42,406700
19,FSLY,2023-02-16 20:25:00,16.44,16.56,16.27,16.28,293900
19,FSLY,2023-02-16 20:30:00,16.27,16.43,16.22,16.25,465900
19,FSLY,2023-02-16 20:35:00,16.26,16.3,16.11,16.3,545200
19,FSLY,2023-02-16 20:40:00,16.3,16.3,16.03,16.12,419400
19,FSLY,2023-02-16 20:45:00,16.12,16.24,16.1,16.18,487500
19,FSLY,2023-02-16 20:50:00,16.17,16.28,16.07,16.16,338500
19,FSLY,2023-02-16 20:55:00,16.16,16.18,16.03,16.06,812200
19,FSLY,2023-02-16 21:00:00,16.06,16.15,16.06,16.07,566600
19,FSLY,2023-02-16 21:05:00,16.07,16.07,16.07,16.07,0
20,MOXC,2023-02-16 18:05:00,1.38,1.385,1.3401,1.35,12900
20,MOXC,2023-02-16 18:10:00,1.35,1.35,1.35,1.35,0
20,MOXC,2023-02-16 18:15:00,1.35,1.35,1.35,1.35,0
20,MOXC,2023-02-16 18:20:00,1.35,1.35,1.35,1.35,0
20,MOXC,2023-02-16 18:25:00,1.38,1.38,1.367,1.37,2500
20,MOXC,2023-02-16 18:30:00,1.37,1.37,1.37,1.37,0
20,MOXC,2023-02-16 18:35:00,1.37,1.37,1.37,1.37,0
20,MOXC,2023-02-16 18:40:00,1.3401,1.3401,1.34,1.34,600
20,MOXC,2023-02-16 18:45:00,1.3401,1.3401,1.3401,1.3401,100
20,MOXC,2023-02-16 18:50:00,1.34,1.34,1.34,1.34,500
20,MOXC,2023-02-16 18:55:00,1.34,1.34,1.34,1.34,0
20,MOXC,2023-02-16 19:00:00,1.34,1.34,1.34,1.34,0
20,MOXC,2023-02-16 19:05:00,1.34,1.34,1.34,1.34,0
20,MOXC,2023-02-16 19:10:00,1.34,1.34,1.34,1.34,0
20,MOXC,2023-02-16 19:15:00,1.34,1.34,1.34,1.34,0
20,MOXC,2023-02-16 19:20:00,1.34,1.34,1.34,1.34,0
20,MOXC,2023-02-16 19:25:00,1.34,1.34,1.34,1.34,0
20,MOXC,2023-02-16 19:30:00,1.34,1.34,1.34,1.34,0
20,MOXC,2023-02-16 19:35:00,1.34,1.34,1.34,1.34,0
20,MOXC,2023-02-16 19:40:00,1.34,1.34,1.34,1.34,0
20,MOXC,2023-02-16 19:45:00,1.34,1.34,1.34,1.34,300
20,MOXC,2023-02-16 19:50:00,1.34,1.34,1.34,1.34,0
20,MOXC,2023-02-16 19:55:00,1.34,1.34,1.34,1.34,0
20,MOXC,2023-02-16 20:00:00,1.34,1.34,1.34,1.34,0
20,MOXC,2023-02-16 20:05:00,1.3463,1.3463,1.3463,1.3463,500
20,MOXC,2023-02-16 20:10:00,1.3463,1.3463,1.3463,1.3463,0
20,MOXC,2023-02-16 20:15:00,1.3406,1.3476,1.3406,1.3476,1100
20,MOXC,2023-02-16 20:20:00,1.348,1.3499,1.345,1.3499,6000
20,MOXC,2023-02-16 20:25:00,1.3499,1.3499,1.3499,1.3499,0
20,MOXC,2023-02-16 20:30:00,1.338,1.34,1.3373,1.34,1100
20,MOXC,2023-02-16 20:35:00,1.34,1.34,1.34,1.34,0
20,MOXC,2023-02-16 20:40:00,1.34,1.34,1.34,1.34,0
20,MOXC,2023-02-16 20:45:00,1.313,1.313,1.31,1.31,1000
20,MOXC,2023-02-16 20:50:00,1.3101,1.3101,1.31,1.31,2200
20,MOXC,2023-02-16 20:55:00,1.3127,1.34,1.31,1.34,18000
20,MOXC,2023-02-16 21:00:00,1.37,1.37,1.37,1.37,500
20,MOXC,2023-02-16 21:05:00,1.37,1.37,1.37,1.37,0
21,IFBD,2023-02-16 18:05:00,1.19,1.19,1.19,1.19,0
21,IFBD,2023-02-16 18:10:00,1.19,1.19,1.19,1.19,0
21,IFBD,2023-02-16 18:15:00,1.19,1.19,1.19,1.19,0
21,IFBD,2023-02-16 18:20:00,1.19,1.19,1.19,1.19,0
21,IFBD,2023-02-16 18:25:00,1.19,1.19,1.19,1.19,0
21,IFBD,2023-02-16 18:30:00,1.19,1.19,1.19,1.19,0
21,IFBD,2023-02-16 18:35:00,1.19,1.19,1.19,1.19,0
21,IFBD,2023-02-16 18:40:00,1.19,1.19,1.19,1.19,0
21,IFBD,2023-02-16 18:45:00,1.16,1.16,1.16,1.16,1100
21,IFBD,2023-02-16 18:50:00,1.15,1.15,1.15,1.15,200
21,IFBD,2023-02-16 18:55:00,1.15,1.15,1.15,1.15,0
21,IFBD,2023-02-16 19:00:00,1.15,1.15,1.15,1.15,0
21,IFBD,2023-02-16 19:05:00,1.15,1.15,1.15,1.15,0
21,IFBD,2023-02-16 19:10:00,1.1562,1.1562,1.1562,1.1562,100
21,IFBD,2023-02-16 19:15:00,1.1562,1.1562,1.1562,1.1562,0
21,IFBD,2023-02-16 19:20:00,1.1562,1.1562,1.1562,1.1562,0
21,IFBD,2023-02-16 19:25:00,1.1562,1.1562,1.1562,1.1562,0
21,IFBD,2023-02-16 19:30:00,1.1562,1.1562,1.1562,1.1562,0
21,IFBD,2023-02-16 19:35:00,1.1562,1.1562,1.1562,1.1562,0
21,IFBD,2023-02-16 19:40:00,1.1562,1.1562,1.1562,1.1562,0
21,IFBD,2023-02-16 19:45:00,1.13,1.19,1.04,1.09,11000
21,IFBD,2023-02-16 19:50:00,1.11,1.1907,1.09,1.1907,22100
21,IFBD,2023-02-16 19:55:00,1.16,1.16,1.15,1.15,1100
21,IFBD,2023-02-16 20:00:00,1.16,1.16,1.12,1.12,900
21,IFBD,2023-02-16 20:05:00,1.18,1.18,1.17,1.18,3100
21,IFBD,2023-02-16 20:10:00,1.15,1.155,1.14,1.15,8200
21,IFBD,2023-02-16 20:15:00,1.15,1.15,1.15,1.15,0
21,IFBD,2023-02-16 20:20:00,1.15,1.15,1.15,1.15,0
21,IFBD,2023-02-16 20:25:00,1.15,1.15,1.15,1.15,0
21,IFBD,2023-02-16 20:30:00,1.15,1.15,1.15,1.15,0
21,IFBD,2023-02-16 20:35:00,1.15,1.15,1.15,1.15,0
21,IFBD,2023-02-16 20:40:00,1.15,1.15,1.15,1.15,0
21,IFBD,2023-02-16 20:45:00,1.18,1.26,1.18,1.2435,8800
21,IFBD,2023-02-16 20:50:00,1.26,1.26,1.21,1.236,8900
21,IFBD,2023-02-16 20:55:00,1.225,1.24,1.2,1.236,18600
21,IFBD,2023-02-16 21:00:00,1.24,1.24,1.24,1.24,900
21,IFBD,2023-02-16 21:05:00,1.24,1.24,1.24,1.24,0
22,DHC,2023-02-16 18:05:00,0.7717,0.7782,0.7716,0.775,10400
22,DHC,2023-02-16 18:10:00,0.773,0.7799,0.7729,0.7799,22000
22,DHC,2023-02-16 18:15:00,0.7774,0.787,0.7774,0.7777,14300
22,DHC,2023-02-16 18:20:00,0.7772,0.7869,0.7772,0.7802,9800
22,DHC,2023-02-16 18:25:00,0.78,0.7865,0.78,0.7828,13800
22,DHC,2023-02-16 18:30:00,0.7807,0.7845,0.7764,0.7801,66300
22,DHC,2023-02-16 18:35:00,0.7803,0.786,0.7803,0.7859,10400
22,DHC,2023-02-16 18:40:00,0.7859,0.795,0.7823,0.7945,39400
22,DHC,2023-02-16 18:45:00,0.7945,0.7975,0.7875,0.797,25900
22,DHC,2023-02-16 18:50:00,0.7975,0.8112,0.7972,0.8082,134200
22,DHC,2023-02-16 18:55:00,0.8112,0.8112,0.8014,0.81,162100
22,DHC,2023-02-16 19:00:00,0.81,0.81,0.805,0.805,30000
22,DHC,2023-02-16 19:05:00,0.805,0.81,0.8015,0.8051,122500
22,DHC,2023-02-16 19:10:00,0.8051,0.8051,0.8021,0.8042,51700
22,DHC,2023-02-16 19:15:00,0.8046,0.8132,0.8042,0.8112,94000
22,DHC,2023-02-16 19:20:00,0.8112,0.8151,0.805,0.805,45300
22,DHC,2023-02-16 19:25:00,0.805,0.806,0.8,0.8008,27200
22,DHC,2023-02-16 19:30:00,0.8007,0.8008,0.7861,0.7964,47800
22,DHC,2023-02-16 19:35:00,0.7967,0.802,0.7963,0.7998,56600
22,DHC,2023-02-16 19:40:00,0.7998,0.8003,0.7967,0.8003,22400
22,DHC,2023-02-16 19:45:00,0.8004,0.8047,0.8,0.8047,11800
22,DHC,2023-02-16 19:50:00,0.8043,0.805,0.8034,0.8049,26400
22,DHC,2023-02-16 19:55:00,0.8049,0.808,0.8048,0.8072,64900
22,DHC,2023-02-16 20:00:00,0.805,0.8051,0.796,0.8046,29300
22,DHC,2023-02-16 20:05:00,0.802,0.8036,0.7902,0.7991,75000
22,DHC,2023-02-16 20:10:00,0.7973,0.7973,0.7903,0.7903,13400
22,DHC,2023-02-16 20:15:00,0.792,0.7932,0.7886,0.79,53700
22,DHC,2023-02-16 20:20:00,0.7893,0.7968,0.7887,0.7908,72900
22,DHC,2023-02-16 20:25:00,0.792,0.7969,0.7872,0.79,24500
22,DHC,2023-02-16 20:30:00,0.7894,0.7915,0.7888,0.7899,33200
22,DHC,2023-02-16 20:35:00,0.7899,0.799,0.7898,0.7951,19300
22,DHC,2023-02-16 20:40:00,0.7951,0.8,0.7866,0.8,60500
22,DHC,2023-02-16 20:45:00,0.8,0.8046,0.7867,0.8,124500
22,DHC,2023-02-16 20:50:00,0.8,0.8064,0.7959,0.8041,55300
22,DHC,2023-02-16 20:55:00,0.8012,0.805,0.7983,0.8023,200100
22,DHC,2023-02-16 21:00:00,0.8024,0.81,0.8024,0.8024,206100
22,DHC,2023-02-16 21:05:00,0.8024,0.8024,0.8024,0.8024,0
23,BWAY,2023-02-16 18:05:00,2.235,2.235,2.13,2.205,1600
23,BWAY,2023-02-16 18:10:00,2.18,2.18,2.16,2.17,400
23,BWAY,2023-02-16 18:15:00,2.1,2.17,2.1,2.17,1700
23,BWAY,2023-02-16 18:20:00,2.17,2.17,2.1699,2.17,1100
23,BWAY,2023-02-16 18:25:00,2.17,2.215,2.17,2.215,1000
23,BWAY,2023-02-16 18:30:00,2.23,2.24,2.18,2.2154,2100
23,BWAY,2023-02-16 18:35:00,2.1801,2.24,2.18,2.18,2800
23,BWAY,2023-02-16 18:40:00,2.25,2.25,2.25,2.25,600
23,BWAY,2023-02-16 18:45:00,2.25,2.25,2.25,2.25,400
23,BWAY,2023-02-16 18:50:00,2.25,2.25,2.25,2.25,700
23,BWAY,2023-02-16 18:55:00,2.25,2.25,2.25,2.25,400
23,BWAY,2023-02-16 19:00:00,2.23,2.235,2.22,2.23,1000
23,BWAY,2023-02-16 19:05:00,2.235,2.235,2.23,2.23,500
23,BWAY,2023-02-16 19:10:00,2.235,2.235,2.2,2.23,2600
23,BWAY,2023-02-16 19:15:00,2.23,2.25,2.23,2.23,1000
23,BWAY,2023-02-16 19:20:00,2.23,2.27,2.23,2.23,1300
23,BWAY,2023-02-16 19:25:00,2.235,2.235,2.235,2.235,600
23,BWAY,2023-02-16 19:30:00,2.235,2.24,2.2,2.23,1800
23,BWAY,2023-02-16 19:35:00,2.23,2.23,2.23,2.23,300
23,BWAY,2023-02-16 19:40:00,2.23,2.23,2.23,2.23,100
23,BWAY,2023-02-16 19:45:00,2.23,2.23,2.23,2.23,0
23,BWAY,2023-02-16 19:50:00,2.24,2.24,2.24,2.24,100
23,BWAY,2023-02-16 19:55:00,2.24,2.24,2.24,2.24,200
23,BWAY,2023-02-16 20:00:00,2.24,2.24,2.24,2.24,0
23,BWAY,2023-02-16 20:05:00,2.24,2.24,2.24,2.24,0
23,BWAY,2023-02-16 20:10:00,2.24,2.24,2.24,2.24,3400
23,BWAY,2023-02-16 20:15:00,2.26,2.26,2.26,2.26,400
23,BWAY,2023-02-16 20:20:00,2.25,2.25,2.25,2.25,500
23,BWAY,2023-02-16 20:25:00,2.25,2.25,2.22,2.25,500
23,BWAY,2023-02-16 20:30:00,2.22,2.225,2.22,2.225,700
23,BWAY,2023-02-16 20:35:00,2.225,2.225,2.22,2.22,500
23,BWAY,2023-02-16 20:40:00,2.22,2.22,2.21,2.22,500
23,BWAY,2023-02-16 20:45:00,2.22,2.22,2.22,2.22,500
23,BWAY,2023-02-16 20:50:00,2.22,2.225,2.19,2.22,900
23,BWAY,2023-02-16 20:55:00,2.1611,2.2002,2.1611,2.2002,1900
23,BWAY,2023-02-16 21:00:00,2.2002,2.2002,2.2002,2.2002,0
23,BWAY,2023-02-16 21:05:00,2.2002,2.2002,2.2002,2.2002,0
24,INOD,2023-02-16 18:05:00,6.62,6.63,6.6099,6.63,1200
24,INOD,2023-02-16 18:10:00,6.63,6.63,6.63,6.63,0
24,INOD,2023-02-16 18:15:00,6.63,6.63,6.63,6.63,0
24,INOD,2023-02-16 18:20:00,6.63,6.63,6.63,6.63,100
24,INOD,2023-02-16 18:25:00,6.5873,6.5873,6.5873,6.5873,100
24,INOD,2023-02-16 18:30:00,6.6,6.6,6.6,6.6,100
24,INOD,2023-02-16 18:35:00,6.6,6.635,6.6,6.635,600
24,INOD,2023-02-16 18:40:00,6.61,6.68,6.61,6.68,800
24,INOD,2023-02-16 18:45:00,6.65,6.65,6.61,6.65,3000
24,INOD,2023-02-16 18:50:00,6.65,6.65,6.65,6.65,0
24,INOD,2023-02-16 18:55:00,6.65,6.68,6.65,6.68,2400
24,INOD,2023-02-16 19:00:00,6.6899,6.715,6.6742,6.715,7400
24,INOD,2023-02-16 19:05:00,6.7,6.715,6.56,6.56,3700
24,INOD,2023-02-16 19:10:00,6.5491,6.7,6.53,6.69,28900
24,INOD,2023-02-16 19:15:00,6.69,6.69,6.69,6.69,0
24,INOD,2023-02-16 19:20:00,6.5701,6.73,6.5701,6.7,2800
24,INOD,2023-02-16 19:25:00,6.7,6.7,6.7,6.7,0
24,INOD,2023-02-16 19:30:00,6.7,6.7,6.7,6.7,0
24,INOD,2023-02-16 19:35:00,6.63,6.6587,6.63,6.65,8800
24,INOD,2023-02-16 19:40:00,6.6422,6.6422,6.64,6.64,600
24,INOD,2023-02-16 19:45:00,6.6629,6.6629,6.6629,6.6629,300
24,INOD,2023-02-16 19:50:00,6.7,6.91,6.7,6.88,6400
24,INOD,2023-02-16 19:55:00,6.91,6.9607,6.8901,6.9607,7500
24,INOD,2023-02-16 20:00:00,6.9686,6.97,6.945,6.945,1700
24,INOD,2023-02-16 20:05:00,6.92,6.96,6.92,6.9561,1600
24,INOD,2023-02-16 20:10:00,6.9254,6.97,6.9254,6.97,700
24,INOD,2023-02-16 20:15:00,6.945,6.97,6.92,6.97,3600
24,INOD,2023-02-16 20:20:00,6.955,6.98,6.9301,6.97,5000
24,INOD,2023-02-16 20:25:00,6.9623,6.99,6.95,6.99,4900
24,INOD,2023-02-16 20:30:00,6.96,6.99,6.83,6.87,2300
24,INOD,2023-02-16 20:35:00,6.79,6.86,6.79,6.86,1600
24,INOD,2023-02-16 20:40:00,6.86,6.88,6.86,6.88,400
24,INOD,2023-02-16 20:45:00,6.9,6.93,6.8896,6.93,800
24,INOD,2023-02-16 20:50:00,6.92,6.93,6.91,6.93,1200
24,INOD,2023-02-16 20:55:00,6.89,7.0,6.88,7.0,15600
24,INOD,2023-02-16 21:00:00,6.98,7.0,6.98,6.99,1400
24,INOD,2023-02-16 21:05:00,6.99,6.99,6.99,6.99,0
25,DCFC,2023-02-16 18:05:00,1.8101,1.83,1.8101,1.8299,17300
25,DCFC,2023-02-16 18:10:00,1.8292,1.8292,1.81,1.82,36700
25,DCFC,2023-02-16 18:15:00,1.815,1.83,1.81,1.82,44600
25,DCFC,2023-02-16 18:20:00,1.82,1.83,1.81,1.83,49700
25,DCFC,2023-02-16 18:25:00,1.8296,1.845,1.825,1.83,54800
25,DCFC,2023-02-16 18:30:00,1.825,1.84,1.82,1.84,54200
25,DCFC,2023-02-16 18:35:00,1.8355,1.84,1.83,1.84,11600
25,DCFC,2023-02-16 18:40:00,1.84,1.86,1.83,1.8515,47400
25,DCFC,2023-02-16 18:45:00,1.8585,1.86,1.85,1.86,48100
25,DCFC,2023-02-16 18:50:00,1.855,1.89,1.85,1.88,107400
25,DCFC,2023-02-16 18:55:00,1.889,1.89,1.855,1.8789,75700
25,DCFC,2023-02-16 19:00:00,1.88,1.88,1.8696,1.872,19800
25,DCFC,2023-02-16 19:05:00,1.8793,1.8793,1.8311,1.8354,59700
25,DCFC,2023-02-16 19:10:00,1.84,1.84,1.8304,1.8399,18300
25,DCFC,2023-02-16 19:15:00,1.84,1.87,1.84,1.87,23900
25,DCFC,2023-02-16 19:20:00,1.8699,1.8699,1.85,1.86,26700
25,DCFC,2023-02-16 19:25:00,1.8599,1.89,1.8599,1.89,157900
25,DCFC,2023-02-16 19:30:00,1.89,1.89,1.86,1.89,73300
25,DCFC,2023-02-16 19:35:00,1.8886,1.9,1.8778,1.8895,92600
25,DCFC,2023-02-16 19:40:00,1.885,1.89,1.87,1.8715,45200
25,DCFC,2023-02-16 19:45:00,1.875,1.89,1.8701,1.89,18200
25,DCFC,2023-02-16 19:50:00,1.89,1.9,1.89,1.9,63200
25,DCFC,2023-02-16 19:55:00,1.9,1.9,1.8885,1.89,81000
25,DCFC,2023-02-16 20:00:00,1.89,1.9,1.85,1.86,67200
25,DCFC,2023-02-16 20:05:00,1.855,1.875,1.855,1.8703,19600
25,DCFC,2023-02-16 20:10:00,1.8799,1.9,1.8715,1.8896,80000
25,DCFC,2023-02-16 20:15:00,1.8899,1.895,1.8715,1.89,51600
25,DCFC,2023-02-16 20:20:00,1.89,1.89,1.87,1.885,55800
25,DCFC,2023-02-16 20:25:00,1.8894,1.89,1.8701,1.875,34100
25,DCFC,2023-02-16 20:30:00,1.875,1.8798,1.8401,1.8779,125000
25,DCFC,2023-02-16 20:35:00,1.875,1.89,1.87,1.875,59300
25,DCFC,2023-02-16 20:40:00,1.875,1.88,1.86,1.86,49000
25,DCFC,2023-02-16 20:45:00,1.855,1.86,1.83,1.845,143100
25,DCFC,2023-02-16 20:50:00,1.8415,1.845,1.83,1.835,84500
25,DCFC,2023-02-16 20:55:00,1.84,1.88,1.8365,1.88,204800
25,DCFC,2023-02-16 21:00:00,1.88,1.88,1.88,1.88,18500
25,DCFC,2023-02-16 21:05:00,1.88,1.88,1.88,1.88,0
26,CHCI,2023-02-16 18:05:00,5.3974,5.3999,5.3974,5.3999,2000
26,CHCI,2023-02-16 18:10:00,5.3856,5.3856,5.2749,5.2749,400
26,CHCI,2023-02-16 18:15:00,5.2999,5.2999,5.1701,5.1836,8900
26,CHCI,2023-02-16 18:20:00,5.1836,5.1836,5.1836,5.1836,0
26,CHCI,2023-02-16 18:25:00,5.225,5.225,5.225,5.225,300
26,CHCI,2023-02-16 18:30:00,5.28,5.3,5.28,5.3,3600
26,CHCI,2023-02-16 18:35:00,5.1855,5.24,5.1801,5.1801,6900
26,CHCI,2023-02-16 18:40:00,5.19,5.1964,5.18,5.1801,6500
26,CHCI,2023-02-16 18:45:00,5.18,5.29,5.18,5.2,1400
26,CHCI,2023-02-16 18:50:00,5.12,5.13,5.06,5.06,2300
26,CHCI,2023-02-16 18:55:00,5.025,5.025,5.0,5.025,3300
26,CHCI,2023-02-16 19:00:00,5.0,5.01,5.0,5.01,400
26,CHCI,2023-02-16 19:05:00,5.01,5.01,5.01,5.01,0
26,CHCI,2023-02-16 19:10:00,4.83,4.93,4.68,4.695,1700
26,CHCI,2023-02-16 19:15:00,4.91,4.93,4.755,4.755,500
26,CHCI,2023-02-16 19:20:00,4.845,4.845,4.845,4.845,100
26,CHCI,2023-02-16 19:25:00,4.845,4.845,4.845,4.845,200
26,CHCI,2023-02-16 19:30:00,4.845,4.845,4.845,4.845,200
26,CHCI,2023-02-16 19:35:00,4.845,4.845,4.845,4.845,0
26,CHCI,2023-02-16 19:40:00,4.78,4.78,4.78,4.78,200
26,CHCI,2023-02-16 19:45:00,4.78,4.9169,4.78,4.9093,700
26,CHCI,2023-02-16 19:50:00,4.9169,4.92,4.86,4.9183,900
26,CHCI,2023-02-16 19:55:00,4.86,4.86,4.86,4.86,100
26,CHCI,2023-02-16 20:00:00,4.86,4.86,4.86,4.86,100
26,CHCI,2023-02-16 20:05:00,4.86,4.86,4.86,4.86,0
26,CHCI,2023-02-16 20:10:00,4.89,4.92,4.89,4.92,200
26,CHCI,2023-02-16 20:15:00,4.81,4.865,4.81,4.81,300
26,CHCI,2023-02-16 20:20:00,4.81,4.81,4.81,4.81,100
26,CHCI,2023-02-16 20:25:00,4.82,4.8969,4.82,4.82,600
26,CHCI,2023-02-16 20:30:00,4.87,4.87,4.87,4.87,100
26,CHCI,2023-02-16 20:35:00,4.87,4.87,4.87,4.87,200
26,CHCI,2023-02-16 20:40:00,4.87,4.9002,4.87,4.87,300
26,CHCI,2023-02-16 20:45:00,4.87,4.875,4.87,4.875,200
26,CHCI,2023-02-16 20:50:00,4.88,4.93,4.88,4.886,500
26,CHCI,2023-02-16 20:55:00,4.88,4.93,4.88,4.93,400
26,CHCI,2023-02-16 21:00:00,4.93,4.93,4.93,4.93,100
26,CHCI,2023-02-16 21:05:00,4.93,4.93,4.93,4.93,0
28,THTX,2023-02-16 18:05:00,0.91,0.91,0.91,0.91,0
28,THTX,2023-02-16 18:10:00,0.91,0.91,0.91,0.91,0
28,THTX,2023-02-16 18:15:00,0.91,0.91,0.91,0.91,0
28,THTX,2023-02-16 18:20:00,0.94,0.94,0.92,0.94,4700
28,THTX,2023-02-16 18:25:00,0.94,0.94,0.92,0.92,800
28,THTX,2023-02-16 18:30:00,0.92,0.92,0.92,0.92,0
28,THTX,2023-02-16 18:35:00,0.92,0.92,0.92,0.92,0
28,THTX,2023-02-16 18:40:00,0.92,0.92,0.92,0.92,0
28,THTX,2023-02-16 18:45:00,0.92,0.92,0.92,0.92,0
28,THTX,2023-02-16 18:50:00,0.92,0.92,0.92,0.92,0
28,THTX,2023-02-16 18:55:00,0.92,0.92,0.92,0.92,0
28,THTX,2023-02-16 19:00:00,0.92,0.92,0.92,0.92,0
28,THTX,2023-02-16 19:05:00,0.92,0.92,0.92,0.92,0
28,THTX,2023-02-16 19:10:00,0.92,0.92,0.92,0.92,0
28,THTX,2023-02-16 19:15:00,0.92,0.92,0.92,0.92,0
28,THTX,2023-02-16 19:20:00,0.92,0.92,0.92,0.92,0
28,THTX,2023-02-16 19:25:00,0.92,0.92,0.92,0.92,0
28,THTX,2023-02-16 19:30:00,0.92,0.92,0.92,0.92,0
28,THTX,2023-02-16 19:35:00,0.92,0.92,0.92,0.92,0
28,THTX,2023-02-16 19:40:00,0.94,0.94,0.94,0.94,100
28,THTX,2023-02-16 19:45:00,0.92,0.94,0.92,0.93,11600
28,THTX,2023-02-16 19:50:00,0.94,0.94,0.92,0.938,5500
28,THTX,2023-02-16 19:55:00,0.929,0.94,0.9001,0.94,3100
28,THTX,2023-02-16 20:00:00,0.94,0.94,0.94,0.94,0
28,THTX,2023-02-16 20:05:00,0.94,0.94,0.94,0.94,0
28,THTX,2023-02-16 20:10:00,0.94,0.94,0.94,0.94,0
28,THTX,2023-02-16 20:15:00,0.936,0.98,0.936,0.97,5900
28,THTX,2023-02-16 20:20:00,0.97,0.97,0.97,0.97,0
28,THTX,2023-02-16 20:25:00,0.9599,0.96,0.9599,0.96,1200
28,THTX,2023-02-16 20:30:00,0.96,0.96,0.96,0.96,0
28,THTX,2023-02-16 20:35:00,0.96,0.96,0.96,0.96,0
28,THTX,2023-02-16 20:40:00,0.935,0.935,0.935,0.935,1000
28,THTX,2023-02-16 20:45:00,0.935,0.935,0.935,0.935,0
28,THTX,2023-02-16 20:50:00,0.935,0.935,0.935,0.935,0
28,THTX,2023-02-16 20:55:00,0.96,0.9764,0.96,0.9764,4000
28,THTX,2023-02-16 21:00:00,0.95,0.95,0.95,0.95,1200
28,THTX,2023-02-16 21:05:00,0.95,0.95,0.95,0.95,0
29,ARBK,2023-02-16 18:05:00,1.87,1.9,1.845,1.8542,7400
29,ARBK,2023-02-16 18:10:00,1.875,1.9,1.87,1.89,2400
29,ARBK,2023-02-16 18:15:00,1.89,1.91,1.89,1.89,5400
29,ARBK,2023-02-16 18:20:00,1.89,1.91,1.86,1.9083,16700
29,ARBK,2023-02-16 18:25:00,1.91,1.9499,1.91,1.9299,7900
29,ARBK,2023-02-16 18:30:00,1.95,1.96,1.89,1.9299,11100
29,ARBK,2023-02-16 18:35:00,1.9074,1.9074,1.9074,1.9074,100
29,ARBK,2023-02-16 18:40:00,1.89,1.92,1.89,1.92,3800
29,ARBK,2023-02-16 18:45:00,1.9199,1.93,1.915,1.915,5300
29,ARBK,2023-02-16 18:50:00,1.9,1.915,1.86,1.89,7000
29,ARBK,2023-02-16 18:55:00,1.89,1.89,1.89,1.89,0
29,ARBK,2023-02-16 19:00:00,1.91,1.91,1.8824,1.8941,6200
29,ARBK,2023-02-16 19:05:00,1.89,1.89,1.89,1.89,100
29,ARBK,2023-02-16 19:10:00,1.88,1.91,1.88,1.91,39700
29,ARBK,2023-02-16 19:15:00,1.9273,1.93,1.9,1.92,3600
29,ARBK,2023-02-16 19:20:00,1.905,1.905,1.895,1.895,1600
29,ARBK,2023-02-16 19:25:00,1.9,1.9115,1.9,1.9,2000
29,ARBK,2023-02-16 19:30:00,1.8947,1.8947,1.8947,1.8947,200
29,ARBK,2023-02-16 19:35:00,1.8927,1.8927,1.8912,1.8912,200
29,ARBK,2023-02-16 19:40:00,1.89,1.895,1.87,1.87,12300
29,ARBK,2023-02-16 19:45:00,1.9,1.9,1.85,1.86,8500
29,ARBK,2023-02-16 19:50:00,1.87,1.9,1.86,1.86,2100
29,ARBK,2023-02-16 19:55:00,1.8999,1.8999,1.86,1.86,4400
29,ARBK,2023-02-16 20:00:00,1.8509,1.86,1.82,1.84,3300
29,ARBK,2023-02-16 20:05:00,1.83,1.85,1.83,1.85,500
29,ARBK,2023-02-16 20:10:00,1.84,1.84,1.835,1.835,800
29,ARBK,2023-02-16 20:15:00,1.82,1.85,1.8,1.8,5200
29,ARBK,2023-02-16 20:20:00,1.82,1.83,1.8,1.8,2900
29,ARBK,2023-02-16 20:25:00,1.81,1.8297,1.7999,1.82,12600
29,ARBK,2023-02-16 20:30:00,1.7861,1.8,1.78,1.7819,10500
29,ARBK,2023-02-16 20:35:00,1.7811,1.79,1.78,1.785,3700
29,ARBK,2023-02-16 20:40:00,1.785,1.785,1.73,1.745,13100
29,ARBK,2023-02-16 20:45:00,1.7511,1.7892,1.75,1.7664,13500
29,ARBK,2023-02-16 20:50:00,1.77,1.79,1.73,1.73,6700
29,ARBK,2023-02-16 20:55:00,1.7662,1.8,1.73,1.77,8100
29,ARBK,2023-02-16 21:00:00,1.8,1.8,1.8,1.8,900
29,ARBK,2023-02-16 21:05:00,1.8,1.8,1.8,1.8,0
30,GRIL,2023-02-16 18:05:00,1.15,1.17,1.15,1.1513,7100
30,GRIL,2023-02-16 18:10:00,1.168,1.1699,1.1605,1.165,4300
30,GRIL,2023-02-16 18:15:00,1.1601,1.165,1.15,1.15,4800
30,GRIL,2023-02-16 18:20:00,1.148,1.1627,1.14,1.1627,4500
30,GRIL,2023-02-16 18:25:00,1.1552,1.16,1.1552,1.16,200
30,GRIL,2023-02-16 18:30:00,1.1699,1.17,1.1682,1.17,3000
30,GRIL,2023-02-16 18:35:00,1.165,1.17,1.15,1.168,23100
30,GRIL,2023-02-16 18:40:00,1.17,1.17,1.15,1.16,10800
30,GRIL,2023-02-16 18:45:00,1.1687,1.1687,1.1687,1.1687,500
30,GRIL,2023-02-16 18:50:00,1.16,1.165,1.16,1.16,3100
30,GRIL,2023-02-16 18:55:00,1.155,1.16,1.155,1.1562,2000
30,GRIL,2023-02-16 19:00:00,1.1579,1.1579,1.1579,1.1579,100
30,GRIL,2023-02-16 19:05:00,1.1579,1.1579,1.1579,1.1579,0
30,GRIL,2023-02-16 19:10:00,1.1699,1.1699,1.15,1.1693,4500
30,GRIL,2023-02-16 19:15:00,1.1699,1.1699,1.169,1.169,1100
30,GRIL,2023-02-16 19:20:00,1.16,1.16,1.16,1.16,300
30,GRIL,2023-02-16 19:25:00,1.1608,1.1608,1.1608,1.1608,700
30,GRIL,2023-02-16 19:30:00,1.165,1.165,1.1601,1.1601,1200
30,GRIL,2023-02-16 19:35:00,1.16,1.16,1.16,1.16,500
30,GRIL,2023-02-16 19:40:00,1.165,1.17,1.1611,1.1699,6500
30,GRIL,2023-02-16 19:45:00,1.1606,1.1606,1.1601,1.1601,8500
30,GRIL,2023-02-16 19:50:00,1.16,1.16,1.14,1.15,7700
30,GRIL,2023-02-16 19:55:00,1.15,1.1511,1.15,1.1511,4800
30,GRIL,2023-02-16 20:00:00,1.15,1.15,1.14,1.14,25200
30,GRIL,2023-02-16 20:05:00,1.15,1.155,1.14,1.14,15200
30,GRIL,2023-02-16 20:10:00,1.1322,1.1322,1.1322,1.1322,700
30,GRIL,2023-02-16 20:15:00,1.14,1.14,1.14,1.14,200
30,GRIL,2023-02-16 20:20:00,1.14,1.15,1.09,1.1,47000
30,GRIL,2023-02-16 20:25:00,1.11,1.14,1.1,1.14,7500
30,GRIL,2023-02-16 20:30:00,1.13,1.14,1.13,1.14,800
30,GRIL,2023-02-16 20:35:00,1.14,1.14,1.14,1.14,0
30,GRIL,2023-02-16 20:40:00,1.13,1.1386,1.12,1.1362,1400
30,GRIL,2023-02-16 20:45:00,1.12,1.14,1.12,1.14,8100
30,GRIL,2023-02-16 20:50:00,1.1399,1.14,1.12,1.13,12400
30,GRIL,2023-02-16 20:55:00,1.13,1.14,1.1,1.11,9100
30,GRIL,2023-02-16 21:00:00,1.14,1.14,1.14,1.14,200
30,GRIL,2023-02-16 21:05:00,1.14,1.14,1.14,1.14,0
31,ASPN,2023-02-16 18:05:00,13.43,13.45,13.36,13.37,16700
31,ASPN,2023-02-16 18:10:00,13.37,13.38,13.3,13.3,15400
31,ASPN,2023-02-16 18:15:00,13.3,13.35,13.28,13.32,11500
31,ASPN,2023-02-16 18:20:00,13.345,13.38,13.28,13.345,27200
31,ASPN,2023-02-16 18:25:00,13.345,13.37,13.33,13.355,16000
31,ASPN,2023-02-16 18:30:00,13.35,13.4399,13.35,13.4,19600
31,ASPN,2023-02-16 18:35:00,13.3915,13.45,13.3915,13.42,24700
31,ASPN,2023-02-16 18:40:00,13.42,13.49,13.39,13.46,24300
31,ASPN,2023-02-16 18:45:00,13.46,13.5,13.45,13.45,20800
31,ASPN,2023-02-16 18:50:00,13.45,13.46,13.42,13.43,10900
31,ASPN,2023-02-16 18:55:00,13.43,13.49,13.41,13.45,23200
31,ASPN,2023-02-16 19:00:00,13.44,13.475,13.4,13.415,28900
31,ASPN,2023-02-16 19:05:00,13.42,13.445,13.19,13.19,32700
31,ASPN,2023-02-16 19:10:00,13.18,13.18,12.93,12.965,41500
31,ASPN,2023-02-16 19:15:00,12.98,13.025,12.94,13.02,30300
31,ASPN,2023-02-16 19:20:00,13.02,13.09,12.99,12.99,29600
31,ASPN,2023-02-16 19:25:00,13.0,13.03,12.98,13.01,27900
31,ASPN,2023-02-16 19:30:00,13.01,13.025,12.96,12.98,21700
31,ASPN,2023-02-16 19:35:00,12.97,13.0,12.96,12.97,11600
31,ASPN,2023-02-16 19:40:00,12.97,12.97,12.735,12.745,37800
31,ASPN,2023-02-16 19:45:00,12.73,12.92,12.7,12.91,22900
31,ASPN,2023-02-16 19:50:00,12.89,12.98,12.89,12.91,40900
31,ASPN,2023-02-16 19:55:00,12.91,12.91,12.83,12.85,24200
31,ASPN,2023-02-16 20:00:00,12.84,12.86,12.825,12.84,8300
31,ASPN,2023-02-16 20:05:00,12.84,12.85,12.7,12.84,21500
31,ASPN,2023-02-16 20:10:00,12.84,12.91,12.84,12.8527,21000
31,ASPN,2023-02-16 20:15:00,12.865,12.865,12.77,12.775,14700
31,ASPN,2023-02-16 20:20:00,12.77,12.77,12.66,12.67,23800
31,ASPN,2023-02-16 20:25:00,12.685,12.71,12.645,12.69,19300
31,ASPN,2023-02-16 20:30:00,12.705,12.71,12.58,12.65,45100
31,ASPN,2023-02-16 20:35:00,12.69,12.845,12.65,12.745,49400
31,ASPN,2023-02-16 20:40:00,12.745,12.745,12.575,12.665,48400
31,ASPN,2023-02-16 20:45:00,12.64,12.75,12.6,12.74,50100
31,ASPN,2023-02-16 20:50:00,12.75,12.86,12.75,12.835,75600
31,ASPN,2023-02-16 20:55:00,12.84,12.85,12.71,12.77,140300
31,ASPN,2023-02-16 21:00:00,12.78,12.78,12.78,12.78,99400
31,ASPN,2023-02-16 21:05:00,12.78,12.78,12.78,12.78,0
32,NFTG,2023-02-16 18:05:00,4.25,4.25,4.22,4.22,1400
32,NFTG,2023-02-16 18:10:00,4.22,4.22,4.22,4.22,0
32,NFTG,2023-02-16 18:15:00,4.21,4.21,4.2,4.21,3000
32,NFTG,2023-02-16 18:20:00,4.19,4.19,4.19,4.19,500
32,NFTG,2023-02-16 18:25:00,4.19,4.19,4.19,4.19,0
32,NFTG,2023-02-16 18:30:00,4.19,4.19,4.19,4.19,0
32,NFTG,2023-02-16 18:35:00,4.19,4.19,4.19,4.19,0
32,NFTG,2023-02-16 18:40:00,4.23,4.23,4.23,4.23,300
32,NFTG,2023-02-16 18:45:00,4.21,4.21,4.21,4.21,200
32,NFTG,2023-02-16 18:50:00,4.2,4.2,4.2,4.2,100
32,NFTG,2023-02-16 18:55:00,4.23,4.23,4.23,4.23,500
32,NFTG,2023-02-16 19:00:00,4.23,4.23,4.23,4.23,0
32,NFTG,2023-02-16 19:05:00,4.23,4.23,4.21,4.21,300
32,NFTG,2023-02-16 19:10:00,4.23,4.23,4.21,4.21,400
32,NFTG,2023-02-16 19:15:00,4.2,4.22,4.2,4.22,500
32,NFTG,2023-02-16 19:20:00,4.22,4.22,4.22,4.22,0
32,NFTG,2023-02-16 19:25:00,4.24,4.42,4.24,4.39,16100
32,NFTG,2023-02-16 19:30:00,4.38,4.38,4.21,4.34,2400
32,NFTG,2023-02-16 19:35:00,4.35,4.38,4.3,4.34,6400
32,NFTG,2023-02-16 19:40:00,4.35,4.55,4.35,4.35,25500
32,NFTG,2023-02-16 19:45:00,4.48,4.55,4.41,4.46,32500
32,NFTG,2023-02-16 19:50:00,4.47,4.54,4.45,4.5,2800
32,NFTG,2023-02-16 19:55:00,4.5,4.53,4.49,4.5,2100
32,NFTG,2023-02-16 20:00:00,4.54,4.54,4.48,4.48,2200
32,NFTG,2023-02-16 20:05:00,4.48,4.48,4.33,4.34,6300
32,NFTG,2023-02-16 20:10:00,4.39,4.48,4.36,4.47,7700
32,NFTG,2023-02-16 20:15:00,4.36,4.39,4.33,4.33,7600
32,NFTG,2023-02-16 20:20:00,4.44,4.44,4.44,4.44,400
32,NFTG,2023-02-16 20:25:00,4.4,4.44,4.4,4.44,300
32,NFTG,2023-02-16 20:30:00,4.36,4.36,4.35,4.35,400
32,NFTG,2023-02-16 20:35:00,4.37,4.4,4.35,4.35,1500
32,NFTG,2023-02-16 20:40:00,4.35,4.4,4.35,4.35,1500
32,NFTG,2023-02-16 20:45:00,4.33,4.39,4.33,4.39,2700
32,NFTG,2023-02-16 20:50:00,4.33,4.37,4.33,4.34,2600
32,NFTG,2023-02-16 20:55:00,4.35,4.5,4.34,4.5,7300
32,NFTG,2023-02-16 21:00:00,4.31,4.31,4.31,4.31,100
32,NFTG,2023-02-16 21:05:00,4.31,4.31,4.31,4.31,0
